Year,ID,NAO Index,NAO Anomaly,Realization
1960,r1i2,5.1783447265625,-0.1816671620244561,1
1960,r1i3,10.37249755859375,3.5018483037533965,1
1960,r2i2,7.469482421875,2.183231519616169,2
1960,r2i3,9.1588134765625,2.585384203040081,2
1960,r3i2,4.45208740234375,-1.5128624957540762,3
1960,r3i3,6.7696533203125,0.6080574367357334,3
1960,r4i2,8.72576904296875,2.5267095151154892,4
1960,r4i3,7.41900634765625,1.2628120754076084,4
1960,r5i2,4.4349365234375,-1.4252133576766308,5
1960,r5i3,6.25286865234375,-0.5040508767832881,5
1960,r6i2,8.15924072265625,2.3285004988960596,6
1960,r6i3,0.8145751953125,-5.377198592476223,6
1960,r7i2,2.860107421875,-3.2657682999320654,7
1960,r7i3,4.83111572265625,-1.5829865828804346,7
1960,r8i2,0.4986572265625,-5.1020375127377715,8
1960,r8i3,7.16448974609375,0.1083639393682061,8
1960,r9i2,5.997314453125,0.16238934060801657,9
1960,r9i3,7.05047607421875,0.866302490234375,9
1960,r10i2,6.71514892578125,1.4494137971297558,10
1960,r10i3,10.22320556640625,3.4734125551970108,10
1961,r1i2,6.9937744140625,1.633762525475544,1
1961,r1i3,6.28350830078125,-0.5871409540591035,1
1961,r2i2,8.99224853515625,3.705997632897419,2
1961,r2i3,5.67608642578125,-0.8973428477411689,2
1961,r3i2,8.27191162109375,2.306961722995924,3
1961,r3i3,7.0689697265625,0.9073738429857334,3
1961,r4i2,5.7850341796875,-0.41402534816576075,4
1961,r4i3,4.22540283203125,-1.9307914402173916,4
1961,r5i2,7.86016845703125,2.000018575917119,5
1961,r5i3,12.146484375,5.389564845872962,5
1961,r6i2,9.546630859375,3.7158906356148096,6
1961,r6i3,7.82666015625,1.6348863684612773,6
1961,r7i2,6.64239501953125,0.5165192977241846,7
1961,r7i3,3.7960205078125,-2.6180817977241846,7
1961,r8i2,9.65570068359375,4.0550059442934785,8
1961,r8i3,6.98956298828125,-0.0665628184442939,8
1961,r9i2,-2.25616455078125,-8.091089663298234,9
1961,r9i3,6.4283447265625,0.244171142578125,9
1961,r10i2,5.259765625,-0.005969503651494179,10
1961,r10i3,8.3992919921875,1.6494989809782608,10
1962,r1i2,7.415283203125,2.055271314538044,1
1962,r1i3,3.173583984375,-3.6970652704653535,1
1962,r2i2,5.4188232421875,0.1325723399286689,2
1962,r2i3,9.2608642578125,2.687434984290081,2
1962,r3i2,9.65252685546875,3.687576957370924,3
1962,r3i3,4.98687744140625,-1.1747184421705166,3
1962,r4i2,3.73797607421875,-2.4610834536345108,4
1962,r4i3,11.3726806640625,5.216486391813858,4
1962,r5i2,5.95648193359375,0.09633205247961918,5
1962,r5i3,6.82403564453125,0.06711611540421192,5
1962,r6i2,6.2056884765625,0.3749482528023096,6
1962,r6i3,8.20819091796875,2.0164171301800273,6
1962,r7i2,10.23699951171875,4.111123789911685,7
1962,r7i3,6.974853515625,0.5607512100883154,7
1962,r8i2,6.7484130859375,1.1477183466372285,8
1962,r8i3,4.863037109375,-2.193088697350544,8
1962,r9i2,7.36065673828125,1.5257316257642666,9
1962,r9i3,6.5235595703125,0.339385986328125,9
1962,r10i2,1.916748046875,-3.348987081776494,10
1962,r10i3,8.0450439453125,1.2952509341032608,10
1963,r1i2,4.2703857421875,-1.089626146399456,1
1963,r1i3,7.59979248046875,0.7291432256283965,1
1963,r2i2,1.5927734375,-3.693477464758831,2
1963,r2i3,5.36517333984375,-1.208255933678669,2
1963,r3i2,2.48736572265625,-3.477584175441576,3
1963,r3i3,9.80963134765625,3.6480354640794834,3
1963,r4i2,5.03900146484375,-1.1600580630095108,4
1963,r4i3,10.5882568359375,4.432062563688858,4
1963,r5i2,8.9088134765625,3.048663595448369,5
1963,r5i3,10.2763671875,3.519447658372962,5
1963,r6i2,7.5419921875,1.7112519637398096,6
1963,r6i3,4.02203369140625,-2.1697400963824727,6
1963,r7i2,9.47113037109375,3.3452546492866846,7
1963,r7i3,7.91058349609375,1.4964811905570654,7
1963,r8i2,8.7791748046875,3.1784800653872285,8
1963,r8i3,7.0848388671875,0.028713060461956097,8
1963,r9i2,8.8414306640625,3.0065055515455166,9
1963,r9i3,3.74078369140625,-2.443389892578125,9
1963,r10i2,8.73590087890625,3.470165750254756,10
1963,r10i3,9.4195556640625,2.6697626528532608,10
1964,r1i2,4.52197265625,-0.8380392323369561,1
1964,r1i3,10.10211181640625,3.2314625615658965,1
1964,r2i2,5.62017822265625,0.3339273203974189,2
1964,r2i3,8.0743408203125,1.500911546790081,2
1964,r3i2,6.089111328125,0.12416143002717384,3
1964,r3i3,5.683349609375,-0.4782462742017666,3
1964,r4i2,8.09173583984375,1.8926763119904892,4
1964,r4i3,5.7415771484375,-0.4146171238111416,4
1964,r5i2,5.6009521484375,-0.2591977326766308,5
1964,r5i3,6.51031494140625,-0.24660458772078808,5
1964,r6i2,3.66363525390625,-2.1671049698539404,6
1964,r6i3,8.2845458984375,2.0927721106487773,6
1964,r7i2,2.64910888671875,-3.4767668350883154,7
1964,r7i3,3.4271240234375,-2.9869782820991846,7
1964,r8i2,6.25494384765625,0.6542491083559785,8
1964,r8i3,8.44342041015625,1.387294603430706,8
1964,r9i2,7.73236083984375,1.8974357273267666,9
1964,r9i3,3.56512451171875,-2.619049072265625,9
1964,r10i2,5.8392333984375,0.5734982697860058,10
1964,r10i3,8.451904296875,1.7021112856657608,10
1965,r1i2,2.908447265625,-2.451564622961956,1
1965,r1i3,6.12677001953125,-0.7438792353091035,1
1965,r2i2,8.58642578125,3.300174878991169,2
1965,r2i3,7.37994384765625,0.8065145741338311,2
1965,r3i2,7.42242431640625,1.4574744183084238,3
1965,r3i3,10.04052734375,3.8789314601732334,3
1965,r4i2,5.19842529296875,-1.0006342348845108,4
1965,r4i3,8.15374755859375,1.9975532863451084,4
1965,r5i2,12.3087158203125,6.448565939198369,5
1965,r5i3,7.499755859375,0.7428363302479619,5
1965,r6i2,7.4676513671875,1.6369111434273096,6
1965,r6i3,11.5689697265625,5.377195938773777,6
1965,r7i2,7.65264892578125,1.5267732039741846,7
1965,r7i3,5.75555419921875,-0.6585481063179346,7
1965,r8i2,5.17559814453125,-0.4250965947690215,8
1965,r8i3,9.6697998046875,2.613673997961956,8
1965,r9i2,10.51318359375,4.678258481233017,9
1965,r9i3,9.01116943359375,2.826995849609375,9
1965,r10i2,4.96063232421875,-0.3051028044327442,10
1965,r10i3,6.3719482421875,-0.37784476902173925,10
1966,r1i2,9.45074462890625,4.090732740319294,1
1966,r1i3,1.89306640625,-4.9775828485903535,1
1966,r2i2,11.152099609375,5.865848707116169,2
1966,r2i3,11.806884765625,5.233455492102581,2
1966,r3i2,9.11865234375,3.153702445652174,3
1966,r3i3,7.96221923828125,1.8006233547044834,3
1966,r4i2,5.93133544921875,-0.26772407863451075,4
1966,r4i3,5.98651123046875,-0.16968304177989157,4
1966,r5i2,2.89788818359375,-2.962261697520381,5
1966,r5i3,9.28900146484375,2.532081935716712,5
1966,r6i2,5.0936279296875,-0.7371122940726904,6
1966,r6i3,-1.2374267578125,-7.429200545601223,6
1966,r7i2,9.20660400390625,3.0807282820991846,7
1966,r7i3,7.5040283203125,1.0899260147758154,7
1966,r8i2,0.251708984375,-5.3489857549252715,8
1966,r8i3,7.70294189453125,0.6468160878057061,8
1966,r9i2,2.1864013671875,-3.6485237453294834,9
1966,r9i3,1.7940673828125,-4.390106201171875,9
1966,r10i2,6.44989013671875,1.1841550080672558,10
1966,r10i3,8.596435546875,1.8466425356657608,10
1967,r1i2,4.48675537109375,-0.8732565174932061,1
1967,r1i3,4.30303955078125,-2.5676097040591035,1
1967,r2i2,0.82940673828125,-4.456844163977581,2
1967,r2i3,7.538330078125,0.9649008046025811,2
1967,r3i2,8.088134765625,2.123184867527174,3
1967,r3i3,4.5418701171875,-1.6197257663892666,3
1967,r4i2,5.30224609375,-0.8968134341032608,4
1967,r4i3,3.03814697265625,-3.1180472995923916,4
1967,r5i2,6.423583984375,0.5634341032608692,5
1967,r5i3,4.6932373046875,-2.063682224439538,5
1967,r6i2,6.503662109375,0.6729218856148096,6
1967,r6i3,6.08624267578125,-0.10553111200747267,6
1967,r7i2,3.35626220703125,-2.7696135147758154,7
1967,r7i3,10.74267578125,4.328573475713315,7
1967,r8i2,2.41143798828125,-3.1892567510190215,8
1967,r8i3,6.4293212890625,-0.6268045176630439,8
1967,r9i2,8.29486083984375,2.4599357273267666,9
1967,r9i3,7.66937255859375,1.485198974609375,9
1967,r10i2,5.2056884765625,-0.06004665208899418,10
1967,r10i3,7.6981201171875,0.9483271059782608,10
1968,r1i2,5.5087890625,0.1487771739130439,1
1968,r1i3,6.18194580078125,-0.6887034540591035,1
1968,r2i2,5.65277099609375,0.3665200938349189,2
1968,r2i3,6.8984375,0.3250082264775811,2
1968,r3i2,7.8270263671875,1.8620764690896738,3
1968,r3i3,0.21453857421875,-5.947057309358017,3
1968,r4i2,5.2247314453125,-0.9743280825407608,4
1968,r4i3,7.88714599609375,1.7309517238451084,4
1968,r5i2,8.8587646484375,2.998614767323369,5
1968,r5i3,7.70928955078125,0.9523700216542119,5
1968,r6i2,7.7872314453125,1.9564912215523096,6
1968,r6i3,5.96551513671875,-0.22625865106997267,6
1968,r7i2,7.137451171875,1.0115754500679346,7
1968,r7i3,7.122314453125,0.7082121475883154,7
1968,r8i2,2.4822998046875,-3.1183949346127715,8
1968,r8i3,6.72528076171875,-0.3308450450067939,8
1968,r9i2,8.18212890625,2.3472037937330166,9
1968,r9i3,8.35968017578125,2.175506591796875,9
1968,r10i2,7.0479736328125,1.7822385041610058,10
1968,r10i3,5.33123779296875,-1.4185552182404892,10
1969,r1i2,6.3599853515625,0.9999734629755439,1
1969,r1i3,2.470703125,-4.3999461298403535,1
1969,r2i2,8.59539794921875,3.309147046959919,2
1969,r2i3,6.0972900390625,-0.4761392344599189,2
1969,r3i2,6.26116943359375,0.29621953549592384,3
1969,r3i3,4.91119384765625,-1.2504020359205166,3
1969,r4i2,8.28546142578125,2.0864018979279892,4
1969,r4i3,9.81903076171875,3.6628364894701084,4
1969,r5i2,6.0474853515625,0.18733547044836918,5
1969,r5i3,7.2991943359375,0.5422748068104619,5
1969,r6i2,7.66363525390625,1.8328950301460596,6
1969,r6i3,4.8482666015625,-1.3435071862262227,6
1969,r7i2,3.68695068359375,-2.4389250382133154,7
1969,r7i3,2.71600341796875,-3.6980988875679346,7
1969,r8i2,8.36859130859375,2.7678965692934785,8
1969,r8i3,3.915771484375,-3.140354322350544,8
1969,r9i2,2.18316650390625,-3.6517586086107334,9
1969,r9i3,2.013427734375,-4.170745849609375,9
1969,r10i2,5.20672607421875,-0.05900905443274418,10
1969,r10i3,6.41619873046875,-0.33359428074048925,10
1970,r1i2,4.559814453125,-0.8001974354619561,1
1970,r1i3,4.80267333984375,-2.0679759149966035,1
1970,r2i2,6.9871826171875,1.700931714928669,2
1970,r2i3,9.32415771484375,2.750728441321331,2
1970,r3i2,7.49346923828125,1.5285193401834238,3
1970,r3i3,5.27459716796875,-0.8869987156080166,3
1970,r4i2,6.30426025390625,0.10520072605298925,4
1970,r4i3,6.91949462890625,0.7633003566576084,4
1970,r5i2,3.496337890625,-2.363811990489131,5
1970,r5i3,7.91290283203125,1.155983302904212,5
1970,r6i2,1.1717529296875,-4.65898729407269,6
1970,r6i3,10.7401123046875,4.548338516898777,6
1970,r7i2,5.8465576171875,-0.2793181046195654,7
1970,r7i3,11.13507080078125,4.720968495244565,7
1970,r8i2,6.80230712890625,1.2016123896059785,8
1970,r8i3,7.8824462890625,0.8263204823369561,8
1970,r9i2,7.63311767578125,1.7981925632642666,9
1970,r9i3,4.87353515625,-1.310638427734375,9
1970,r10i2,3.93060302734375,-1.3351321013077442,10
1970,r10i3,7.81524658203125,1.0654535708220108,10
1971,r1i2,5.91827392578125,0.5582620371942939,1
1971,r1i3,4.63482666015625,-2.2358225946841035,1
1971,r2i2,2.6339111328125,-2.652339769446331,2
1971,r2i3,7.24200439453125,0.6685751210088311,2
1971,r3i2,3.6309814453125,-2.333968452785326,3
1971,r3i3,8.55535888671875,2.3937630031419834,3
1971,r4i2,7.58953857421875,1.3904790463654892,4
1971,r4i3,7.188720703125,1.0325264308763584,4
1971,r5i2,8.513916015625,2.653766134510869,5
1971,r5i3,9.615234375,2.858314845872962,5
1971,r6i2,6.451416015625,0.6206757918648096,6
1971,r6i3,2.1781005859375,-4.013673201851223,6
1971,r7i2,9.04473876953125,2.9188630477241846,7
1971,r7i3,8.737548828125,2.3234465225883154,7
1971,r8i2,3.46441650390625,-2.1362782353940215,8
1971,r8i3,4.16607666015625,-2.890049146569294,8
1971,r9i2,4.99407958984375,-0.8408455226732334,9
1971,r9i3,0.2725830078125,-5.911590576171875,9
1971,r10i2,6.5018310546875,1.2360959260360058,10
1971,r10i3,8.71710205078125,1.9673090395720108,10
1972,r1i2,8.01763916015625,2.657627271569294,1
1972,r1i3,5.82196044921875,-1.0486888056216035,1
1972,r2i2,9.12237548828125,3.836124586022419,2
1972,r2i3,3.61700439453125,-2.956424878991169,2
1972,r3i2,3.7193603515625,-2.245589546535326,3
1972,r3i3,8.93878173828125,2.7771858547044834,3
1972,r4i2,5.552734375,-0.6463251528532608,4
1972,r4i3,4.521728515625,-1.6344657566236416,4
1972,r5i2,4.6968994140625,-1.1632504670516308,5
1972,r5i3,6.462646484375,-0.2942730447520381,5
1972,r6i2,7.6275634765625,1.7968232528023096,6
1972,r6i3,7.58587646484375,1.3941026770550273,6
1972,r7i2,9.0809326171875,2.9550568953804346,7
1972,r7i3,5.936279296875,-0.4778230086616846,7
1972,r8i2,-0.42169189453125,-6.0223866338315215,8
1972,r8i3,6.6572265625,-0.3988992442255439,8
1972,r9i2,3.20281982421875,-2.6321052882982334,9
1972,r9i3,4.28509521484375,-1.899078369140625,9
1972,r10i2,6.64398193359375,1.3782468049422558,10
1972,r10i3,7.11029052734375,0.36049751613451075,10
1973,r1i2,0.36578369140625,-4.994228197180706,1
1973,r1i3,8.4683837890625,1.5977345342221465,1
1973,r2i2,4.6033935546875,-0.6828573475713311,2
1973,r2i3,8.207275390625,1.633846117102581,2
1973,r3i2,3.573974609375,-2.390975288722826,3
1973,r3i3,6.3450927734375,0.18349688986073343,3
1973,r4i2,2.43243408203125,-3.7666254458220108,4
1973,r4i3,6.4495849609375,0.2933906886888584,4
1973,r5i2,8.6458740234375,2.785724142323369,5
1973,r5i3,3.5152587890625,-3.241660740064538,5
1973,r6i2,5.14208984375,-0.6886503800101904,6
1973,r6i3,9.00909423828125,2.8173204504925273,6
1973,r7i2,6.5877685546875,0.4618928328804346,7
1973,r7i3,6.37445068359375,-0.03965162194293459,7
1973,r8i2,3.52606201171875,-2.0746327275815215,8
1973,r8i3,9.25677490234375,2.200649095618206,8
1973,r9i2,6.331787109375,0.4968619968580166,9
1973,r9i3,10.206298828125,4.022125244140625,9
1973,r10i2,6.89031982421875,1.6245846955672558,10
1973,r10i3,10.27008056640625,3.5202875551970108,10
1974,r1i2,7.03857421875,1.678562330163044,1
1974,r1i3,6.89892578125,0.028276526409646507,1
1974,r2i2,4.7979736328125,-0.4882772694463311,2
1974,r2i3,6.84173583984375,0.2683065663213311,2
1974,r3i2,1.80743408203125,-4.157515816066576,3
1974,r3i3,9.3125,3.1509041164232334,3
1974,r4i2,4.6473388671875,-1.5517206606657608,4
1974,r4i3,8.93841552734375,2.7822212550951084,4
1974,r5i2,6.82855224609375,0.9684023649796192,5
1974,r5i3,4.541259765625,-2.215659763502038,5
1974,r6i2,4.1629638671875,-1.6677763565726904,6
1974,r6i3,4.8944091796875,-1.2973646081012227,6
1974,r7i2,7.35906982421875,1.2331941024116846,7
1974,r7i3,11.19622802734375,4.782125721807065,7
1974,r8i2,8.8643798828125,3.2636851435122285,8
1974,r8i3,2.24725341796875,-4.808872388756794,8
1974,r9i2,7.52630615234375,1.6913810398267666,9
1974,r9i3,2.93682861328125,-3.247344970703125,9
1974,r10i2,3.8443603515625,-1.4213747770889942,10
1974,r10i3,7.95062255859375,1.2008295473845108,10
1975,r1i2,9.267578125,3.907566236413044,1
1975,r1i3,9.7728271484375,2.9021778935971465,1
1975,r2i2,2.722900390625,-2.563350511633831,2
1975,r2i3,6.5653076171875,-0.008121656334918903,2
1975,r3i2,3.26776123046875,-2.697188667629076,3
1975,r3i3,7.653076171875,1.4914802882982334,3
1975,r4i2,5.984130859375,-0.21492866847826075,4
1975,r4i3,3.5325927734375,-2.6236014988111416,4
1975,r5i2,5.14215087890625,-0.7179990022078808,5
1975,r5i3,7.299560546875,0.5426410177479619,5
1975,r6i2,6.761962890625,0.9312226668648096,6
1975,r6i3,3.2220458984375,-2.9697278893512227,6
1975,r7i2,7.10406494140625,0.9781892195991846,7
1975,r7i3,6.41033935546875,-0.0037629500679345895,7
1975,r8i2,7.36907958984375,1.7683848505434785,8
1975,r8i3,11.408447265625,4.352321458899456,8
1975,r9i2,4.75946044921875,-1.0754646632982334,9
1975,r9i3,7.019287109375,0.835113525390625,9
1975,r10i2,2.22320556640625,-3.042529562245244,10
1975,r10i3,7.9188232421875,1.1690302309782608,10
1976,r1i2,6.703857421875,1.343845533288044,1
1976,r1i3,10.25726318359375,3.3866139287533965,1
1976,r2i2,5.62738037109375,0.3411294688349189,2
1976,r2i3,5.71685791015625,-0.8565713633661689,2
1976,r3i2,4.15411376953125,-1.8108361285665762,3
1976,r3i3,7.88726806640625,1.7256721828294834,3
1976,r4i2,2.70941162109375,-3.4896479067595108,4
1976,r4i3,8.8475341796875,2.6913399074388584,4
1976,r5i2,3.8636474609375,-1.9965024201766308,5
1976,r5i3,6.87530517578125,0.11838564665421192,5
1976,r6i2,4.8077392578125,-1.0230009659476904,6
1976,r6i3,9.0509033203125,2.8591295325237773,6
1976,r7i2,5.266357421875,-0.8595182999320654,7
1976,r7i3,6.37786865234375,-0.03623365319293459,7
1976,r8i2,4.41546630859375,-1.1852284307065215,8
1976,r8i3,7.9637451171875,0.9076193104619561,8
1976,r9i2,5.43792724609375,-0.3969978664232334,9
1976,r9i3,6.72698974609375,0.542816162109375,9
1976,r10i2,-0.00213623046875,-5.267871359120244,10
1976,r10i3,2.21392822265625,-4.535864788552989,10
1977,r1i2,10.1365966796875,4.776584791100544,1
1977,r1i3,10.1324462890625,3.2617970342221465,1
1977,r2i2,4.20440673828125,-1.081844163977581,2
1977,r2i3,5.1163330078125,-1.457096265709919,2
1977,r3i2,9.05047607421875,3.085526176120924,3
1977,r3i3,11.47186279296875,5.310266909391983,3
1977,r4i2,6.3609619140625,0.16190238620923925,4
1977,r4i3,4.072509765625,-2.0836845066236416,4
1977,r5i2,5.8875732421875,0.02742336107336918,5
1977,r5i3,8.2274169921875,1.470497463060462,5
1977,r6i2,6.5755615234375,0.7448212996773096,6
1977,r6i3,0.1256103515625,-6.066163436226223,6
1977,r7i2,9.94390869140625,3.8180329695991846,7
1977,r7i3,6.51678466796875,0.10268236243206541,7
1977,r8i2,8.5445556640625,2.9438609247622285,8
1977,r8i3,6.94622802734375,-0.1098977793817939,8
1977,r9i2,3.3831787109375,-2.4517464015794834,9
1977,r9i3,6.91796875,0.733795166015625,9
1977,r10i2,6.0860595703125,0.8203244416610058,10
1977,r10i3,8.27398681640625,1.5241938051970108,10
1978,r1i2,4.45086669921875,-0.9091451893682061,1
1978,r1i3,7.9058837890625,1.0352345342221465,1
1978,r2i2,0.71453857421875,-4.571712328040081,2
1978,r2i3,3.19781494140625,-3.375614332116169,2
1978,r3i2,9.218505859375,3.253555961277174,3
1978,r3i3,6.23663330078125,0.07503741720448343,3
1978,r4i2,5.0318603515625,-1.1671991762907608,4
1978,r4i3,7.93280029296875,1.7766060207201084,4
1978,r5i2,3.493408203125,-2.366741677989131,5
1978,r5i3,2.3177490234375,-4.439170505689538,5
1978,r6i2,12.047607421875,6.21686719811481,6
1978,r6i3,2.50701904296875,-3.6847547448199727,6
1978,r7i2,4.44720458984375,-1.6786711319633154,7
1978,r7i3,1.4404296875,-4.973672618036685,7
1978,r8i2,2.52447509765625,-3.0762196416440215,8
1978,r8i3,9.3973388671875,2.341213060461956,8
1978,r9i2,10.3621826171875,4.527257504670517,9
1978,r9i3,9.44073486328125,3.256561279296875,9
1978,r10i2,7.61767578125,2.351940652598506,10
1978,r10i3,8.4197998046875,1.6700067934782608,10
1979,r1i2,11.4921875,6.132175611413044,1
1979,r1i3,7.01763916015625,0.1469899053158965,1
1979,r2i2,6.46844482421875,1.182193921959919,2
1979,r2i3,14.0760498046875,7.502620531165081,2
1979,r3i2,6.40582275390625,0.44087285580842384,3
1979,r3i3,7.9512939453125,1.7896980617357334,3
1979,r4i2,7.79754638671875,1.5984868588654892,4
1979,r4i3,5.9210205078125,-0.23517376443614157,4
1979,r5i2,5.83001708984375,-0.03013279127038082,5
1979,r5i3,7.38818359375,0.6312640646229619,5
1979,r6i2,8.19915771484375,2.3684174910835596,6
1979,r6i3,8.018310546875,1.8265367590862773,6
1979,r7i2,5.7073974609375,-0.4184782608695654,7
1979,r7i3,9.167236328125,2.7531340225883154,7
1979,r8i2,10.04522705078125,4.4445323114809785,8
1979,r8i3,6.3270263671875,-0.7290994395380439,8
1979,r9i2,5.49456787109375,-0.3403572414232334,9
1979,r9i3,8.1639404296875,1.979766845703125,9
1979,r10i2,7.88250732421875,2.616772195567256,10
1979,r10i3,1.816650390625,-4.933142620584239,10
1980,r1i2,4.50506591796875,-0.8549459706182061,1
1980,r1i3,7.515625,0.6449757451596465,1
1980,r2i2,3.97613525390625,-1.310115648352581,2
1980,r2i3,2.32525634765625,-4.248172925866169,2
1980,r3i2,3.47161865234375,-2.493331245754076,3
1980,r3i3,3.02191162109375,-3.1396842624830166,3
1980,r4i2,3.303955078125,-2.8951044497282608,4
1980,r4i3,3.42950439453125,-2.7266898777173916,4
1980,r5i2,4.81561279296875,-1.0445370881453808,5
1980,r5i3,6.38201904296875,-0.3749004861582881,5
1980,r6i2,10.17169189453125,4.34095167077106,6
1980,r6i3,4.0341796875,-2.1575941002887227,6
1980,r7i2,6.7843017578125,0.6584260360054346,7
1980,r7i3,5.1953125,-1.2187898055366846,7
1980,r8i2,6.92962646484375,1.3289317255434785,8
1980,r8i3,9.5345458984375,2.478420091711956,8
1980,r9i2,4.32135009765625,-1.5135750148607334,9
1980,r9i3,6.67340087890625,0.489227294921875,9
1980,r10i2,7.737548828125,2.471813699473506,10
1980,r10i3,9.84259033203125,3.0927973208220108,10
1981,r1i2,3.53985595703125,-1.820155931555706,1
1981,r1i3,6.71160888671875,-0.1590403681216035,1
1981,r2i2,5.7689208984375,0.4826699961786689,2
1981,r2i3,1.8826904296875,-4.690738843834919,2
1981,r3i2,4.83416748046875,-1.1307824176290762,3
1981,r3i3,3.0025634765625,-3.1590324070142666,3
1981,r4i2,5.13665771484375,-1.0624018130095108,4
1981,r4i3,3.3592529296875,-2.7969413425611416,4
1981,r5i2,5.13580322265625,-0.7243466584578808,5
1981,r5i3,7.2110595703125,0.4541400411854619,5
1981,r6i2,0.70556640625,-5.12517381751019,6
1981,r6i3,10.03369140625,3.8419176184612773,6
1981,r7i2,1.14886474609375,-4.977010975713315,7
1981,r7i3,7.53973388671875,1.1256315811820654,7
1981,r8i2,2.70233154296875,-2.8983631963315215,8
1981,r8i3,5.14947509765625,-1.906650709069294,8
1981,r9i2,7.57305908203125,1.7381339695142666,9
1981,r9i3,8.36822509765625,2.184051513671875,9
1981,r10i2,5.067626953125,-0.19810817552649418,10
1981,r10i3,8.27374267578125,1.5239496645720108,10
1982,r1i2,3.22576904296875,-2.134242845618206,1
1982,r1i3,3.12249755859375,-3.7481516962466035,1
1982,r2i2,7.69244384765625,2.406192945397419,2
1982,r2i3,9.19720458984375,2.623775316321331,2
1982,r3i2,6.28265380859375,0.31770391049592384,3
1982,r3i3,2.78118896484375,-3.3804069187330166,3
1982,r4i2,5.41412353515625,-0.7849359926970108,4
1982,r4i3,3.712646484375,-2.4435477878736416,4
1982,r5i2,8.53509521484375,2.674945333729619,5
1982,r5i3,5.1959228515625,-1.560996677564538,5
1982,r6i2,5.478515625,-0.3522245987601904,6
1982,r6i3,6.022705078125,-0.16906870966372267,6
1982,r7i2,5.40228271484375,-0.7235930069633154,7
1982,r7i3,7.605224609375,1.1911223038383154,7
1982,r8i2,4.923583984375,-0.6771107549252715,8
1982,r8i3,10.709228515625,3.653102708899456,8
1982,r9i2,4.4459228515625,-1.3890022609544834,9
1982,r9i3,8.34344482421875,2.159271240234375,9
1982,r10i2,1.19293212890625,-4.072802999745244,10
1982,r10i3,6.72796630859375,-0.021826702615489246,10
1983,r1i2,5.8878173828125,0.5278054942255439,1
1983,r1i3,5.23431396484375,-1.6363352899966035,1
1983,r2i2,3.86248779296875,-1.423763109290081,2
1983,r2i3,7.493408203125,0.9199789296025811,2
1983,r3i2,4.5322265625,-1.4327233355978262,3
1983,r3i3,5.020263671875,-1.1413322117017666,3
1983,r4i2,1.88616943359375,-4.312890094259511,4
1983,r4i3,4.88787841796875,-1.2683158542798916,4
1983,r5i2,2.41998291015625,-3.440166970957881,5
1983,r5i3,10.2349853515625,3.478065822435462,5
1983,r6i2,4.32843017578125,-1.5023100479789404,6
1983,r6i3,9.81439208984375,3.6226183020550273,6
1983,r7i2,1.27716064453125,-4.848715077275815,7
1983,r7i3,3.14593505859375,-3.2681672469429346,7
1983,r8i2,1.68731689453125,-3.9133778447690215,8
1983,r8i3,3.07159423828125,-3.984531568444294,8
1983,r9i2,6.04559326171875,0.21066814920176657,9
1983,r9i3,5.493408203125,-0.690765380859375,9
1983,r10i2,6.330810546875,1.0650754182235058,10
1983,r10i3,6.32781982421875,-0.42197318699048925,10
1984,r1i2,4.6373291015625,-0.7226827870244561,1
1984,r1i3,1.28466796875,-5.5859812860903535,1
1984,r2i2,7.5858154296875,2.299564527428669,2
1984,r2i3,7.9547119140625,1.381282640540081,2
1984,r3i2,5.63507080078125,-0.32987909731657616,3
1984,r3i3,6.948486328125,0.7868904445482334,3
1984,r4i2,4.23236083984375,-1.9666986880095108,4
1984,r4i3,5.72772216796875,-0.4284721042798916,4
1984,r5i2,9.09503173828125,3.234881857167119,5
1984,r5i3,4.93023681640625,-1.826682712720788,5
1984,r6i2,5.6021728515625,-0.2285673721976904,6
1984,r6i3,7.55938720703125,1.3676134192425273,6
1984,r7i2,4.35504150390625,-1.7708342179008154,7
1984,r7i3,4.37554931640625,-2.0385529891304346,7
1984,r8i2,10.173583984375,4.5728892450747285,8
1984,r8i3,5.587158203125,-1.468967603600544,8
1984,r9i2,6.12811279296875,0.2931876804517666,9
1984,r9i3,5.46417236328125,-0.720001220703125,9
1984,r10i2,4.72467041015625,-0.5410647184952442,10
1984,r10i3,8.00714111328125,1.2573481020720108,10
1985,r1i2,7.2774658203125,1.917453931725544,1
1985,r1i3,9.45458984375,2.5839405889096465,1
1985,r2i2,0.29296875,-4.993282152258831,2
1985,r2i3,4.75408935546875,-1.819339918053669,2
1985,r3i2,4.92864990234375,-1.0362999957540762,3
1985,r3i3,9.99505615234375,3.8334602687669834,3
1985,r4i2,8.79180908203125,2.5927495541779892,4
1985,r4i3,6.1285400390625,-0.027654233186141575,4
1985,r5i2,5.368896484375,-0.4912533967391308,5
1985,r5i3,4.6488037109375,-2.108115818189538,5
1985,r6i2,6.05633544921875,0.2255952254585596,6
1985,r6i3,6.7117919921875,0.5200182043987773,6
1985,r7i2,11.6234130859375,5.497537364130435,7
1985,r7i3,8.04827880859375,1.6341765030570654,7
1985,r8i2,4.95306396484375,-0.6476307744565215,8
1985,r8i3,6.14813232421875,-0.9079934825067939,8
1985,r9i2,4.39715576171875,-1.4377693507982334,9
1985,r9i3,3.75048828125,-2.433685302734375,9
1985,r10i2,4.181396484375,-1.0843386442764942,10
1985,r10i3,3.3489990234375,-3.4007939877717392,10
1986,r1i2,3.76702880859375,-1.592983079993206,1
1986,r1i3,8.69488525390625,1.8242359990658965,1
1986,r2i2,4.7296142578125,-0.5566366444463311,2
1986,r2i3,11.447265625,4.873836351477581,2
1986,r3i2,5.052490234375,-0.9124596637228262,3
1986,r3i3,9.7254638671875,3.5638679836107334,3
1986,r4i2,1.226806640625,-4.972252887228261,4
1986,r4i3,7.11468505859375,0.9584907863451084,4
1986,r5i2,4.7220458984375,-1.1381039826766308,5
1986,r5i3,5.7437744140625,-1.013145115064538,5
1986,r6i2,7.10028076171875,1.2695405379585596,6
1986,r6i3,4.53631591796875,-1.6554578698199727,6
1986,r7i2,9.5562744140625,3.4303986922554346,7
1986,r7i3,5.69757080078125,-0.7165315047554346,7
1986,r8i2,9.134033203125,3.5333384638247285,8
1986,r8i3,10.30694580078125,3.250819994055706,8
1986,r9i2,6.221435546875,0.3865104343580166,9
1986,r9i3,7.46002197265625,1.275848388671875,9
1986,r10i2,4.7861328125,-0.4796023161514942,10
1986,r10i3,10.65472412109375,3.9049311098845108,10
1987,r1i2,4.4036865234375,-0.9563253651494561,1
1987,r1i3,6.80767822265625,-0.06297103218410349,1
1987,r2i2,9.9041748046875,4.617923902428669,2
1987,r2i3,7.3974609375,0.8240316639775811,2
1987,r3i2,4.4814453125,-1.4835045855978262,3
1987,r3i3,2.55706787109375,-3.6045280124830166,3
1987,r4i2,8.20703125,2.0079717221467392,4
1987,r4i3,8.9835205078125,2.8273262355638584,4
1987,r5i2,8.90631103515625,3.046161154042119,5
1987,r5i3,1.28729248046875,-5.469627048658288,5
1987,r6i2,2.58172607421875,-3.2490141495414404,6
1987,r6i3,2.63458251953125,-3.5571912682574727,6
1987,r7i2,5.4368896484375,-0.6889860733695654,7
1987,r7i3,1.29510498046875,-5.118997325067935,7
1987,r8i2,9.03948974609375,3.4387950067934785,8
1987,r8i3,8.84027099609375,1.784145189368206,8
1987,r9i2,8.8604736328125,3.0255485202955166,9
1987,r9i3,2.0728759765625,-4.111297607421875,9
1987,r10i2,4.4150390625,-0.8506960661514942,10
1987,r10i3,4.896240234375,-1.8535527768342392,10
1988,r1i2,8.7911376953125,3.431125806725544,1
1988,r1i3,13.23968505859375,6.3690358037533965,1
1988,r2i2,5.8447265625,0.5584756602411689,2
1988,r2i3,9.5574951171875,2.984065843665081,2
1988,r3i2,4.40362548828125,-1.5613244098165762,3
1988,r3i3,6.1768798828125,0.015283999235733425,3
1988,r4i2,8.5283203125,2.3292607846467392,4
1988,r4i3,1.76190185546875,-4.394292416779892,4
1988,r5i2,-1.8424072265625,-7.702557107676631,5
1988,r5i3,11.7508544921875,4.993934963060462,5
1988,r6i2,4.0028076171875,-1.8279326065726904,6
1988,r6i3,8.9852294921875,2.7934557043987773,6
1988,r7i2,10.915283203125,4.789407481317935,7
1988,r7i3,12.5718994140625,6.157797108525815,7
1988,r8i2,5.72821044921875,0.1275157099184785,8
1988,r8i3,7.71734619140625,0.6612203846807061,8
1988,r9i2,6.453125,0.6181998874830166,9
1988,r9i3,7.49468994140625,1.310516357421875,9
1988,r10i2,3.35614013671875,-1.9095949919327442,10
1988,r10i3,3.48388671875,-3.2659062924592392,10
1989,r1i2,4.84625244140625,-0.5137594471807061,1
1989,r1i3,4.9942626953125,-1.8763865595278535,1
1989,r2i2,4.81689453125,-0.4693563710088311,2
1989,r2i3,5.8990478515625,-0.6743814219599189,2
1989,r3i2,6.8468017578125,0.8818518597146738,3
1989,r3i3,4.91876220703125,-1.2428336765455166,3
1989,r4i2,7.4293212890625,1.2302617612092392,4
1989,r4i3,4.07623291015625,-2.0799613620923916,4
1989,r5i2,8.7283935546875,2.868243673573369,5
1989,r5i3,8.08807373046875,1.331154201341712,5
1989,r6i2,4.836181640625,-0.9945585831351904,6
1989,r6i3,5.26385498046875,-0.9279188073199727,6
1989,r7i2,2.69769287109375,-3.4281828507133154,7
1989,r7i3,6.97967529296875,0.5655729874320654,7
1989,r8i2,4.066650390625,-1.5340443486752715,8
1989,r8i3,7.7529296875,0.6968038807744561,8
1989,r9i2,7.37628173828125,1.5413566257642666,9
1989,r9i3,7.85101318359375,1.666839599609375,9
1989,r10i2,1.55718994140625,-3.708545187245244,10
1989,r10i3,6.95599365234375,0.20620064113451075,10
1990,r1i2,4.8787841796875,-0.4812277088994561,1
1990,r1i3,8.82080078125,1.9501515264096465,1
1990,r2i2,1.3101806640625,-3.976070238196331,2
1990,r2i3,7.353515625,0.7800863514775811,2
1990,r3i2,5.903564453125,-0.061385444972826164,3
1990,r3i3,6.26708984375,0.10549396017323343,3
1990,r4i2,4.054443359375,-2.1446161684782608,4
1990,r4i3,4.51568603515625,-1.6405082370923916,4
1990,r5i2,8.8978271484375,3.037677267323369,5
1990,r5i3,4.79833984375,-1.958579685377038,5
1990,r6i2,3.09796142578125,-2.7327787979789404,6
1990,r6i3,4.4373779296875,-1.7543958581012227,6
1990,r7i2,6.07080078125,-0.05507494055706541,7
1990,r7i3,8.3599853515625,1.9458830460258154,7
1990,r8i2,8.0198974609375,2.4192027216372285,8
1990,r8i3,12.72418212890625,5.668056322180706,8
1990,r9i2,7.78045654296875,1.9455314304517666,9
1990,r9i3,7.5953369140625,1.411163330078125,9
1990,r10i2,6.98309326171875,1.7173581330672558,10
1990,r10i3,5.4251708984375,-1.3246221127717392,10
1991,r1i2,2.879150390625,-2.480861497961956,1
1991,r1i3,2.220947265625,-4.6497019892153535,1
1991,r2i2,3.7635498046875,-1.522701097571331,2
1991,r2i3,7.52020263671875,0.9467733631963311,2
1991,r3i2,9.60357666015625,3.638626762058424,3
1991,r3i3,4.70367431640625,-1.4579215671705166,3
1991,r4i2,8.54443359375,2.3453740658967392,4
1991,r4i3,8.95904541015625,2.8028511379076084,4
1991,r5i2,9.17510986328125,3.314959982167119,5
1991,r5i3,8.63873291015625,1.881813381029212,5
1991,r6i2,8.8558349609375,3.0250947371773096,6
1991,r6i3,7.76068115234375,1.5689073645550273,6
1991,r7i2,5.94757080078125,-0.1783049210258154,7
1991,r7i3,0.18170166015625,-6.232400645380435,7
1991,r8i2,7.39727783203125,1.7965830927309785,8
1991,r8i3,8.7083740234375,1.652248216711956,8
1991,r9i2,0.1466064453125,-5.688318667204483,9
1991,r9i3,9.47998046875,3.295806884765625,9
1991,r10i2,6.53118896484375,1.2654538361922558,10
1991,r10i3,8.1630859375,1.4132929262907608,10
1992,r1i2,8.17059326171875,2.810581373131794,1
1992,r1i3,8.8475341796875,1.9768849248471465,1
1992,r2i2,5.73236083984375,0.4461099375849189,2
1992,r2i3,4.02532958984375,-2.548099683678669,2
1992,r3i2,5.96600341796875,0.0010535198709238358,3
1992,r3i3,3.3118896484375,-2.8497062351392666,3
1992,r4i2,7.13153076171875,0.9324712338654892,4
1992,r4i3,9.18023681640625,3.0240425441576084,4
1992,r5i2,3.22021484375,-2.639935037364131,5
1992,r5i3,7.37103271484375,0.6141131857167119,5
1992,r6i2,4.83929443359375,-0.9914457901664404,6
1992,r6i3,5.85888671875,-0.33288706903872267,6
1992,r7i2,7.241943359375,1.1160676375679346,7
1992,r7i3,4.04730224609375,-2.3668000594429346,7
1992,r8i2,0.73980712890625,-4.8608876103940215,8
1992,r8i3,5.65435791015625,-1.401767896569294,8
1992,r9i2,0.44049072265625,-5.394434389860733,9
1992,r9i3,5.15130615234375,-1.032867431640625,9
1992,r10i2,3.21063232421875,-2.055102804432744,10
1992,r10i3,10.80828857421875,4.058495563009511,10
1993,r1i2,2.9027099609375,-2.457301927649456,1
1993,r1i3,8.01983642578125,1.1491871709408965,1
1993,r2i2,4.01336669921875,-1.272884203040081,2
1993,r2i3,5.5806884765625,-0.9927407969599189,2
1993,r3i2,5.9871826171875,0.022232719089673836,3
1993,r3i3,4.89837646484375,-1.2632194187330166,3
1993,r4i2,7.9337158203125,1.7346562924592392,4
1993,r4i3,5.213623046875,-0.9425712253736416,4
1993,r5i2,6.041259765625,0.18110988451086918,5
1993,r5i3,6.2396240234375,-0.5172955056895381,5
1993,r6i2,3.26324462890625,-2.5674955948539404,6
1993,r6i3,7.239501953125,1.0477281653362773,6
1993,r7i2,6.098388671875,-0.02748704993206541,7
1993,r7i3,6.7122802734375,0.2981779679008154,7
1993,r8i2,7.77825927734375,2.1775645380434785,8
1993,r8i3,8.61767578125,1.561549974524456,8
1993,r9i2,7.39385986328125,1.5589347507642666,9
1993,r9i3,6.273681640625,0.089508056640625,9
1993,r10i2,13.2890625,8.023327371348506,10
1993,r10i3,5.3978271484375,-1.3519658627717392,10
1994,r1i2,2.5162353515625,-2.843776537024456,1
1994,r1i3,9.8870849609375,3.0164357060971465,1
1994,r2i2,3.3492431640625,-1.937007738196331,2
1994,r2i3,1.392333984375,-5.181095289147419,2
1994,r3i2,6.0931396484375,0.12818975033967384,3
1994,r3i3,1.9044189453125,-4.257176938264267,3
1994,r4i2,5.40118408203125,-0.7978754458220108,4
1994,r4i3,3.50421142578125,-2.6519828464673916,4
1994,r5i2,2.94854736328125,-2.911602517832881,5
1994,r5i3,5.17730712890625,-1.579612400220788,5
1994,r6i2,3.97711181640625,-1.8536284073539404,6
1994,r6i3,6.760986328125,0.5692125403362773,6
1994,r7i2,3.12750244140625,-2.9983732804008154,7
1994,r7i3,10.73541259765625,4.321310292119565,7
1994,r8i2,4.60980224609375,-0.9908924932065215,8
1994,r8i3,5.3677978515625,-1.688327955163044,8
1994,r9i2,8.1846923828125,2.3497672702955166,9
1994,r9i3,4.60919189453125,-1.574981689453125,9
1994,r10i2,6.079833984375,0.8140988557235058,10
1994,r10i3,2.792724609375,-3.9570684018342392,10
1995,r1i2,9.4512939453125,4.091282056725544,1
1995,r1i3,8.93585205078125,2.0652027959408965,1
1995,r2i2,3.67498779296875,-1.611263109290081,2
1995,r2i3,7.729248046875,1.155818773352581,2
1995,r3i2,3.900634765625,-2.064315132472826,3
1995,r3i3,4.872314453125,-1.2892814304517666,3
1995,r4i2,7.29278564453125,1.0937261166779892,4
1995,r4i3,9.2972412109375,3.1410469386888584,4
1995,r5i2,1.05255126953125,-4.807598611582881,5
1995,r5i3,10.50811767578125,3.751198146654212,5
1995,r6i2,6.17620849609375,0.3454682723335596,6
1995,r6i3,8.43701171875,2.2452379309612773,6
1995,r7i2,1.51397705078125,-4.611898671025815,7
1995,r7i3,3.41217041015625,-3.0019318953804346,7
1995,r8i2,1.10943603515625,-4.4912587041440215,8
1995,r8i3,5.54571533203125,-1.510410474694294,8
1995,r9i2,5.17791748046875,-0.6570076320482334,9
1995,r9i3,4.14251708984375,-2.041656494140625,9
1995,r10i2,4.63922119140625,-0.6265139372452442,10
1995,r10i3,6.03729248046875,-0.7125005307404892,10
1996,r1i2,9.19647216796875,3.836460279381794,1
1996,r1i3,9.298583984375,2.4279347295346465,1
1996,r2i2,4.74462890625,-0.5416219960088311,2
1996,r2i3,4.88555908203125,-1.687870191491169,2
1996,r3i2,9.4180908203125,3.453140922214674,3
1996,r3i3,2.680908203125,-3.4806876804517666,3
1996,r4i2,8.9180908203125,2.7190312924592392,4
1996,r4i3,5.12841796875,-1.0277763034986416,4
1996,r5i2,7.5784912109375,1.7183413298233692,5
1996,r5i3,8.88037109375,2.123451564622962,5
1996,r6i2,6.4635009765625,0.6327607528023096,6
1996,r6i3,4.2564697265625,-1.9353040612262227,6
1996,r7i2,6.92047119140625,0.7945954695991846,7
1996,r7i3,6.34765625,-0.06644605553668459,7
1996,r8i2,6.2559814453125,0.6552867060122285,8
1996,r8i3,6.52459716796875,-0.5315286387567939,8
1996,r9i2,8.54400634765625,2.7090812351392666,9
1996,r9i3,8.283447265625,2.099273681640625,9
1996,r10i2,9.61181640625,4.346081277598506,10
1996,r10i3,6.65570068359375,-0.09409232761548925,10
1997,r1i2,3.8555908203125,-1.504421068274456,1
1997,r1i3,7.1392822265625,0.2686329717221465,1
1997,r2i2,5.8782958984375,0.5920449961786689,2
1997,r2i3,9.171142578125,2.597713304602581,2
1997,r3i2,7.6142578125,1.6493079144021738,3
1997,r3i3,8.573486328125,2.4118904445482334,3
1997,r4i2,4.583984375,-1.6150751528532608,4
1997,r4i3,8.5096435546875,2.3534492824388584,4
1997,r5i2,8.2923583984375,2.432208517323369,5
1997,r5i3,4.74798583984375,-2.008933689283288,5
1997,r6i2,5.6051025390625,-0.2256376846976904,6
1997,r6i3,9.35186767578125,3.1600938879925273,6
1997,r7i2,6.23699951171875,0.11112378991168459,7
1997,r7i3,6.75213623046875,0.3380339249320654,7
1997,r8i2,4.47882080078125,-1.1218739385190215,8
1997,r8i3,5.199462890625,-1.856662916100544,8
1997,r9i2,5.16766357421875,-0.6672615382982334,9
1997,r9i3,4.7222900390625,-1.461883544921875,9
1997,r10i2,4.24359130859375,-1.0221438200577442,10
1997,r10i3,1.54986572265625,-5.199927288552989,10
1998,r1i2,0.31524658203125,-5.044765306555706,1
1998,r1i3,6.88531494140625,0.014665686565896507,1
1998,r2i2,5.1400146484375,-0.1462362538213311,2
1998,r2i3,5.9715576171875,-0.6018716563349189,2
1998,r3i2,3.43316650390625,-2.531783394191576,3
1998,r3i3,5.9239501953125,-0.23764568826426657,3
1998,r4i2,8.37921142578125,2.1801518979279892,4
1998,r4i3,4.6025390625,-1.5536552097486416,4
1998,r5i2,2.43402099609375,-3.426128885020381,5
1998,r5i3,5.76336669921875,-0.9935528299082881,5
1998,r6i2,4.6868896484375,-1.1438505753226904,6
1998,r6i3,6.87603759765625,0.6842638098675273,6
1998,r7i2,5.31646728515625,-0.8094084366508154,7
1998,r7i3,2.18096923828125,-4.233133067255435,7
1998,r8i2,11.89483642578125,6.2941416864809785,8
1998,r8i3,3.894775390625,-3.161350416100544,8
1998,r9i2,6.41973876953125,0.5848136570142666,9
1998,r9i3,6.04718017578125,-0.136993408203125,9
1998,r10i2,2.86920166015625,-2.396533468495244,10
1998,r10i3,10.99761962890625,4.247826617697011,10
1999,r1i2,1.00848388671875,-4.351528001868206,1
1999,r1i3,7.72021484375,0.8495655889096465,1
1999,r2i2,6.31890869140625,1.032657789147419,2
1999,r2i3,5.2559814453125,-1.317447828209919,2
1999,r3i2,7.5479736328125,1.5830237347146738,3
1999,r3i3,4.24859619140625,-1.9129996921705166,3
1999,r4i2,11.2799072265625,5.080847698709239,4
1999,r4i3,4.00677490234375,-2.1494193699048916,4
1999,r5i2,6.299560546875,0.4394106657608692,5
1999,r5i3,9.86151123046875,3.104591701341712,5
1999,r6i2,-0.244384765625,-6.07512498938519,6
1999,r6i3,9.2413330078125,3.0495592200237773,6
1999,r7i2,7.51806640625,1.3921906844429346,7
1999,r7i3,9.1119384765625,2.6978361710258154,7
1999,r8i2,6.87005615234375,1.2693614130434785,8
1999,r8i3,6.9267578125,-0.1293679942255439,8
1999,r9i2,-0.32080078125,-6.155725893766983,9
1999,r9i3,5.18206787109375,-1.002105712890625,9
1999,r10i2,7.868896484375,2.603161355723506,10
1999,r10i3,4.71368408203125,-2.0361089291779892,10
2000,r1i2,4.80316162109375,-0.5568502674932061,1
2000,r1i3,6.5430908203125,-0.3275584345278535,1
2000,r2i2,7.90032958984375,2.614078687584919,2
2000,r2i3,9.29620361328125,2.722774339758831,2
2000,r3i2,6.88568115234375,0.9207312542459238,3
2000,r3i3,3.36944580078125,-2.7921500827955166,3
2000,r4i2,8.90692138671875,2.7078618588654892,4
2000,r4i3,6.06085205078125,-0.09534222146739157,4
2000,r5i2,2.37225341796875,-3.487896463145381,5
2000,r5i3,7.43145751953125,0.6745379904042119,5
2000,r6i2,4.82281494140625,-1.0079252823539404,6
2000,r6i3,5.79010009765625,-0.40167369013247267,6
2000,r7i2,9.2691650390625,3.1432893172554346,7
2000,r7i3,6.49652099609375,0.08241869055706541,7
2000,r8i2,6.16009521484375,0.5594004755434785,8
2000,r8i3,9.662109375,2.605983568274456,8
2000,r9i2,4.0557861328125,-1.7791389797044834,9
2000,r9i3,3.11053466796875,-3.073638916015625,9
2000,r10i2,6.078125,0.8123898713485058,10
2000,r10i3,9.66912841796875,2.9193354067595108,10
2001,r1i2,4.50775146484375,-0.8522604237432061,1
2001,r1i3,5.34539794921875,-1.5252513056216035,1
2001,r2i2,6.58233642578125,1.296085523522419,2
2001,r2i3,5.17510986328125,-1.398319410241169,2
2001,r3i2,2.2889404296875,-3.676009468410326,3
2001,r3i3,6.12640380859375,-0.035192074983016575,3
2001,r4i2,6.80352783203125,0.6044683041779892,4
2001,r4i3,7.843017578125,1.6868233058763584,4
2001,r5i2,7.792236328125,1.9320864470108692,5
2001,r5i3,5.873046875,-0.8838726541270381,5
2001,r6i2,7.46417236328125,1.6334321395210596,6
2001,r6i3,3.4404296875,-2.7513441002887227,6
2001,r7i2,-0.771240234375,-6.897115956182065,7
2001,r7i3,5.69873046875,-0.7153718367866846,7
2001,r8i2,8.82904052734375,3.2283457880434785,8
2001,r8i3,7.129150390625,0.0730245838994561,8
2001,r9i2,4.20489501953125,-1.6300300929857334,9
2001,r9i3,8.322509765625,2.138336181640625,9
2001,r10i2,4.376953125,-0.8887820036514942,10
2001,r10i3,5.662841796875,-1.0869512143342392,10
2002,r1i2,1.27435302734375,-4.085658861243206,1
2002,r1i3,5.7796630859375,-1.0909861689028535,1
2002,r2i2,1.764404296875,-3.521846605383831,2
2002,r2i3,1.5645751953125,-5.008854078209919,2
2002,r3i2,5.1156005859375,-0.8493493121603262,3
2002,r3i3,5.538330078125,-0.6232658054517666,3
2002,r4i2,5.40411376953125,-0.7949457583220108,4
2002,r4i3,4.439453125,-1.7167411472486416,4
2002,r5i2,1.13232421875,-4.727825662364131,5
2002,r5i3,0.4683837890625,-6.288535740064538,5
2002,r6i2,8.6435546875,2.8128144637398096,6
2002,r6i3,5.47503662109375,-0.7167371666949727,6
2002,r7i2,7.29351806640625,1.1676423445991846,7
2002,r7i3,8.7481689453125,2.3340666397758154,7
2002,r8i2,1.171630859375,-4.4290638799252715,8
2002,r8i3,7.59161376953125,0.5354879628057061,8
2002,r9i2,9.72900390625,3.8940787937330166,9
2002,r9i3,8.60015869140625,2.415985107421875,9
2002,r10i2,5.5614013671875,0.2956662385360058,10
2002,r10i3,5.78094482421875,-0.9688481869904892,10
2003,r1i2,0.16253662109375,-5.197475267493206,1
2003,r1i3,6.3604736328125,-0.5101756220278535,1
2003,r2i2,6.1912841796875,0.9050332774286689,2
2003,r2i3,1.8662109375,-4.707218336022419,2
2003,r3i2,8.10302734375,2.138077445652174,3
2003,r3i3,5.88031005859375,-0.2812858249830166,3
2003,r4i2,6.2764892578125,0.07742972995923925,4
2003,r4i3,6.91021728515625,0.7540230129076084,4
2003,r5i2,7.6273193359375,1.7671694548233692,5
2003,r5i3,4.69329833984375,-2.063621189283288,5
2003,r6i2,4.5445556640625,-1.2861845596976904,6
2003,r6i3,4.8759765625,-1.3157972252887227,6
2003,r7i2,4.420654296875,-1.7052214249320654,7
2003,r7i3,4.0787353515625,-2.3353669539741846,7
2003,r8i2,1.94464111328125,-3.6560536260190215,8
2003,r8i3,6.583251953125,-0.4728738536005439,8
2003,r9i2,7.94207763671875,2.1071525242017666,9
2003,r9i3,5.8953857421875,-0.288787841796875,9
2003,r10i2,-0.8839111328125,-6.149646261463994,10
2003,r10i3,3.4505615234375,-3.2992314877717392,10
2004,r1i2,8.0440673828125,2.684055494225544,1
2004,r1i3,4.04901123046875,-2.8216380243716035,1
2004,r2i2,4.430419921875,-0.8558309803838311,2
2004,r2i3,4.3175048828125,-2.255924390709919,2
2004,r3i2,5.28851318359375,-0.6764367145040762,3
2004,r3i3,12.5335693359375,6.371973452360733,3
2004,r4i2,7.26568603515625,1.0666265073029892,4
2004,r4i3,0.64794921875,-5.508245053498642,4
2004,r5i2,5.46734619140625,-0.3928036897078808,5
2004,r5i3,9.07098388671875,2.314064357591712,5
2004,r6i2,6.6749267578125,0.8441865340523096,6
2004,r6i3,7.009521484375,0.8177476965862773,6
2004,r7i2,6.28741455078125,0.1615388289741846,7
2004,r7i3,5.24005126953125,-1.1740510360054346,7
2004,r8i2,9.5791015625,3.9784068231997285,8
2004,r8i3,4.619384765625,-2.436741041100544,8
2004,r9i2,9.10797119140625,3.2730460788892666,9
2004,r9i3,5.88671875,-0.297454833984375,9
2004,r10i2,6.13983154296875,0.8740964143172558,10
2004,r10i3,2.3184814453125,-4.431311565896739,10
2005,r1i2,6.66705322265625,1.307041334069294,1
2005,r1i3,8.9171142578125,2.0464650029721465,1
2005,r2i2,6.10693359375,0.8206826914911689,2
2005,r2i3,6.2032470703125,-0.3701822032099189,2
2005,r3i2,8.77728271484375,2.812332816745924,3
2005,r3i3,6.83770751953125,0.6761116359544834,3
2005,r4i2,7.09222412109375,0.8931645932404892,4
2005,r4i3,6.62823486328125,0.4720405910326084,4
2005,r5i2,7.654541015625,1.7943911345108692,5
2005,r5i3,3.1656494140625,-3.591270115064538,5
2005,r6i2,5.89874267578125,0.06800245202105959,6
2005,r6i3,8.6951904296875,2.5034166418987773,6
2005,r7i2,6.813720703125,0.6878449813179346,7
2005,r7i3,10.41815185546875,4.004049549932065,7
2005,r8i2,5.694580078125,0.09388533882472849,8
2005,r8i3,3.77392578125,-3.282200025475544,8
2005,r9i2,4.44891357421875,-1.3860115382982334,9
2005,r9i3,11.19866943359375,5.014495849609375,9
2005,r10i2,3.31927490234375,-1.9464602263077442,10
2005,r10i3,3.08868408203125,-3.6611089291779892,10
