Year,ID,Realization,Instance,NAO Index,NAO Anomaly
1960,r1.0i1.0,1,1,30.44036865234375,3.4006851859714686
1960,r1.0i2.0,1,2,25.10150146484375,-1.2817555303158983
1960,r2.0i1.0,2,1,24.8721923828125,-1.2712428880774453
1960,r2.0i2.0,2,2,26.513671875,0.2489982273267657
1960,r3.0i1.0,3,1,29.22271728515625,2.4569224481997267
1960,r3.0i2.0,3,2,22.531494140625,-2.8214788022248634
1960,r4.0i1.0,4,1,24.06768798828125,-2.4194402280061134
1960,r4.0i2.0,4,2,25.35882568359375,-0.7213453209918477
1960,r5.0i1.0,5,1,27.5523681640625,1.5704717221467384
1960,r5.0i2.0,5,2,28.5181884765625,2.6418297809103244
1960,r6.0i1.0,6,1,24.884765625,-1.1062409774116837
1960,r6.0i2.0,6,2,24.884765625,-1.0288324770720116
1960,r7.0i1.0,7,1,26.48773193359375,-0.434421705163043
1960,r7.0i2.0,7,2,26.48773193359375,0.2546479598335587
1960,r8.0i1.0,8,1,20.93414306640625,-5.370486052139945
1960,r8.0i2.0,8,2,20.93414306640625,-5.489865510360055
1960,r9.0i1.0,9,1,24.49334716796875,-2.071101976477582
1960,r9.0i2.0,9,2,24.49334716796875,-1.5666172193444297
1960,r10.0i1.0,10,1,24.26702880859375,-1.903698465098504
1960,r10.0i2.0,10,2,24.26702880859375,-2.0865412173063866
1961,r1.0i1.0,1,1,25.9722900390625,-1.0673934273097814
1961,r1.0i2.0,1,2,27.47442626953125,1.0911692743716017
1961,r2.0i1.0,2,1,29.03515625,2.8917209791100547
1961,r2.0i2.0,2,2,28.0062255859375,1.7415519382642657
1961,r3.0i1.0,3,1,28.93896484375,2.1731700067934767
1961,r3.0i2.0,3,2,27.05218505859375,1.6992121157438866
1961,r4.0i1.0,4,1,29.824951171875,3.3378229555876366
1961,r4.0i2.0,4,2,30.1175537109375,4.037382706351902
1961,r5.0i1.0,5,1,25.596435546875,-0.38546089504076164
1961,r5.0i2.0,5,2,26.1904296875,0.3140709918478244
1961,r6.0i1.0,6,1,22.65521240234375,-3.3357942000679337
1961,r6.0i2.0,6,2,27.25982666015625,1.3462285580842384
1961,r7.0i1.0,7,1,24.9395751953125,-1.982578443444293
1961,r7.0i2.0,7,2,25.69830322265625,-0.5347807511039413
1961,r8.0i1.0,8,1,26.3916015625,0.08697244395380466
1961,r8.0i2.0,8,2,27.1773681640625,0.7533595872961953
1961,r9.0i1.0,9,1,28.352294921875,1.787845777428668
1961,r9.0i2.0,9,2,30.3594970703125,4.29953268299932
1961,r10.0i1.0,10,1,27.73388671875,1.563159445057746
1961,r10.0i2.0,10,2,24.8365478515625,-1.5170221743376366
1962,r1.0i1.0,1,1,30.341552734375,3.3018692680027186
1962,r1.0i2.0,1,2,24.5662841796875,-1.8169728154721483
1962,r2.0i1.0,2,1,22.9222412109375,-3.2211940599524453
1962,r2.0i2.0,2,2,24.843505859375,-1.4211677882982343
1962,r3.0i1.0,3,1,28.6256103515625,1.8598155146059767
1962,r3.0i2.0,3,2,25.1473388671875,-0.20563407566236336
1962,r4.0i1.0,4,1,25.21044921875,-1.2766789975373634
1962,r4.0i2.0,4,2,28.7108154296875,2.6306444251019023
1962,r5.0i1.0,5,1,27.33892822265625,1.3570317807404884
1962,r5.0i2.0,5,2,24.7508544921875,-1.1255042034646756
1962,r6.0i1.0,6,1,26.40655517578125,0.4155485733695663
1962,r6.0i2.0,6,2,26.116455078125,0.20285697605298836
1962,r7.0i1.0,7,1,31.06951904296875,4.147365404211957
1962,r7.0i2.0,7,2,19.38946533203125,-6.843618641728941
1962,r8.0i1.0,8,1,28.423095703125,2.1184665845788047
1962,r8.0i2.0,8,2,26.9027099609375,0.47870138417119534
1962,r9.0i1.0,9,1,26.00665283203125,-0.557796312415082
1962,r9.0i2.0,9,2,26.831298828125,0.7713344408118203
1962,r10.0i1.0,10,1,26.47076416015625,0.30003688646399596
1962,r10.0i2.0,10,2,25.07269287109375,-1.2808771548063866
1963,r1.0i1.0,1,1,27.211181640625,0.17149817425271863
1963,r1.0i2.0,1,2,27.1253662109375,0.7421092157778517
1963,r2.0i1.0,2,1,26.34906005859375,0.20562478770380466
1963,r2.0i2.0,2,2,28.43963623046875,2.1749625827955157
1963,r3.0i1.0,3,1,29.12969970703125,2.3639048700747267
1963,r3.0i2.0,3,2,23.6064453125,-1.7465276303498634
1963,r4.0i1.0,4,1,27.78179931640625,1.2946711001188866
1963,r4.0i2.0,4,2,25.5615234375,-0.5186475670855977
1963,r5.0i1.0,5,1,23.96197509765625,-2.0199213442595116
1963,r5.0i2.0,5,2,22.095703125,-3.7806555706521756
1963,r6.0i1.0,6,1,26.71417236328125,0.7231657608695663
1963,r6.0i2.0,6,2,18.78070068359375,-7.132897418478262
1963,r7.0i1.0,7,1,29.78460693359375,2.862453294836957
1963,r7.0i2.0,7,2,23.6041259765625,-2.6289579971976913
1963,r8.0i1.0,8,1,22.74578857421875,-3.5588405443274453
1963,r8.0i2.0,8,2,26.92626953125,0.5022609544836953
1963,r9.0i1.0,9,1,28.3892822265625,1.824833082116168
1963,r9.0i2.0,9,2,27.4295654296875,1.3696010423743203
1963,r10.0i1.0,10,1,24.92938232421875,-1.241344949473504
1963,r10.0i2.0,10,2,29.61273193359375,3.2591619076936134
1964,r1.0i1.0,1,1,28.60443115234375,1.5647476859714686
1964,r1.0i2.0,1,2,23.499755859375,-2.8835011357846483
1964,r2.0i1.0,2,1,25.8524169921875,-0.29101827870244534
1964,r2.0i2.0,2,2,29.6171875,3.3525138523267657
1964,r3.0i1.0,3,1,27.18902587890625,0.4232310419497267
1964,r3.0i2.0,3,2,25.52911376953125,0.17614082668138664
1964,r4.0i1.0,4,1,23.509033203125,-2.9780950131623634
1964,r4.0i2.0,4,2,29.12506103515625,3.0448900305706523
1964,r5.0i1.0,5,1,28.03643798828125,2.0545415463654884
1964,r5.0i2.0,5,2,24.54522705078125,-1.3311316448709256
1964,r6.0i1.0,6,1,28.48333740234375,2.4923307999320663
1964,r6.0i2.0,6,2,26.25750732421875,0.34390922214673836
1964,r7.0i1.0,7,1,27.09918212890625,0.17702849014945699
1964,r7.0i2.0,7,2,26.2791748046875,0.0460908309273087
1964,r8.0i1.0,8,1,25.14801025390625,-1.1566188646399453
1964,r8.0i2.0,8,2,25.84222412109375,-0.5817844556725547
1964,r9.0i1.0,9,1,27.1759033203125,0.611454175866168
1964,r9.0i2.0,9,2,21.9522705078125,-4.10769387950068
1964,r10.0i1.0,10,1,24.1475830078125,-2.023144265879754
1964,r10.0i2.0,10,2,31.92803955078125,5.574469524881113
1965,r1.0i1.0,1,1,32.45855712890625,5.418873662533969
1965,r1.0i2.0,1,2,30.240234375,3.8569773798403517
1965,r2.0i1.0,2,1,26.873046875,0.7296116041100547
1965,r2.0i2.0,2,2,24.1605224609375,-2.1041511867357343
1965,r3.0i1.0,3,1,24.31744384765625,-2.4483509893002733
1965,r3.0i2.0,3,2,28.12322998046875,2.7702570376188866
1965,r4.0i1.0,4,1,25.6231689453125,-0.8639592709748634
1965,r4.0i2.0,4,2,26.91436767578125,0.8341966711956523
1965,r5.0i1.0,5,1,26.7740478515625,0.7921514096467384
1965,r5.0i2.0,5,2,28.520263671875,2.6439049762228244
1965,r6.0i1.0,6,1,27.0509033203125,1.0598967179008163
1965,r6.0i2.0,6,2,23.0081787109375,-2.9054193911345116
1965,r7.0i1.0,7,1,26.820068359375,-0.10208527938179301
1965,r7.0i2.0,7,2,28.8580322265625,2.6249482528023087
1965,r8.0i1.0,8,1,25.43902587890625,-0.8656032396399453
1965,r8.0i2.0,8,2,23.11419677734375,-3.3098117994225547
1965,r9.0i1.0,9,1,31.2880859375,4.723636793053668
1965,r9.0i2.0,9,2,24.8486328125,-1.2113315748131797
1965,r10.0i1.0,10,1,27.04547119140625,0.874743917713996
1965,r10.0i2.0,10,2,28.6209716796875,2.2674016537873634
1966,r1.0i1.0,1,1,27.11334228515625,0.07365881878396863
1966,r1.0i2.0,1,2,27.22161865234375,0.8383616571841017
1966,r2.0i1.0,2,1,26.44976806640625,0.30633279551630466
1966,r2.0i2.0,2,2,21.77642822265625,-4.488245425016984
1966,r3.0i1.0,3,1,28.35272216796875,1.5869273310122267
1966,r3.0i2.0,3,2,24.928466796875,-0.42450614597486336
1966,r4.0i1.0,4,1,25.87530517578125,-0.6118230405061134
1966,r4.0i2.0,4,2,25.60284423828125,-0.47732676630434767
1966,r5.0i1.0,5,1,23.81964111328125,-2.1622553286345116
1966,r5.0i2.0,5,2,24.56298828125,-1.3133704144021756
1966,r6.0i1.0,6,1,27.35107421875,1.3600676163383163
1966,r6.0i2.0,6,2,29.02410888671875,3.1105107846467384
1966,r7.0i1.0,7,1,25.71722412109375,-1.204929517663043
1966,r7.0i2.0,7,2,28.39166259765625,2.1585786238960587
1966,r8.0i1.0,8,1,21.657470703125,-4.647158415421195
1966,r8.0i2.0,8,2,27.97076416015625,1.5467555833899453
1966,r9.0i1.0,9,1,24.35784912109375,-2.206600023352582
1966,r9.0i2.0,9,2,25.76751708984375,-0.29244729746942966
1966,r10.0i1.0,10,1,26.3489990234375,0.17827174974524596
1966,r10.0i2.0,10,2,30.18536376953125,3.8317937436311134
1967,r1.0i1.0,1,1,28.95587158203125,1.9161881156589686
1967,r1.0i2.0,1,2,29.5625,3.1792430048403517
1967,r2.0i1.0,2,1,26.05975341796875,-0.08368185292119534
1967,r2.0i2.0,2,2,29.3155517578125,3.0508781101392657
1967,r3.0i1.0,3,1,24.6964111328125,-2.0693837041440233
1967,r3.0i2.0,3,2,25.54132080078125,0.18834785793138664
1967,r4.0i1.0,4,1,28.52294921875,2.0358210024626366
1967,r4.0i2.0,4,2,26.4642333984375,0.38406239385190233
1967,r5.0i1.0,5,1,23.802978515625,-2.1789179262907616
1967,r5.0i2.0,5,2,28.35662841796875,2.4802697223165744
1967,r6.0i1.0,6,1,23.6927490234375,-2.2982575789741837
1967,r6.0i2.0,6,2,29.2152099609375,3.3016118588654884
1967,r7.0i1.0,7,1,27.71234130859375,0.790187669836957
1967,r7.0i2.0,7,2,26.36602783203125,0.1329438582710587
1967,r8.0i1.0,8,1,26.86370849609375,0.5590793775475547
1967,r8.0i2.0,8,2,25.2637939453125,-1.1602146314538047
1967,r9.0i1.0,9,1,27.80462646484375,1.240177320397418
1967,r9.0i2.0,9,2,20.97265625,-5.08730813731318
1967,r10.0i1.0,10,1,28.5313720703125,2.360644796620246
1967,r10.0i2.0,10,2,28.03240966796875,1.6788396420686134
1968,r1.0i1.0,1,1,27.6658935546875,0.6262100883152186
1968,r1.0i2.0,1,2,23.22119140625,-3.1620655889096483
1968,r2.0i1.0,2,1,23.27960205078125,-2.8638332201086953
1968,r2.0i2.0,2,2,27.09222412109375,0.8275504734205157
1968,r3.0i1.0,3,1,26.59112548828125,-0.17466934867527328
1968,r3.0i2.0,3,2,20.8673095703125,-4.485663372537363
1968,r4.0i1.0,4,1,27.01080322265625,0.5236750063688866
1968,r4.0i2.0,4,2,27.25982666015625,1.1796556555706523
1968,r5.0i1.0,5,1,25.80572509765625,-0.17617134425951164
1968,r5.0i2.0,5,2,24.11895751953125,-1.7574011761209256
1968,r6.0i1.0,6,1,23.57611083984375,-2.4148957625679337
1968,r6.0i2.0,6,2,23.0933837890625,-2.8202143130095116
1968,r7.0i1.0,7,1,22.001220703125,-4.920932935631793
1968,r7.0i2.0,7,2,23.45147705078125,-2.7816069229789413
1968,r8.0i1.0,8,1,26.9720458984375,0.6674167798913047
1968,r8.0i2.0,8,2,26.285888671875,-0.13811990489130466
1968,r9.0i1.0,9,1,28.49346923828125,1.929020093834918
1968,r9.0i2.0,9,2,28.81268310546875,2.7527187181555703
1968,r10.0i1.0,10,1,25.82049560546875,-0.35023166822350404
1968,r10.0i2.0,10,2,27.92425537109375,1.5706853451936134
1969,r1.0i1.0,1,1,32.8448486328125,5.805165166440219
1969,r1.0i2.0,1,2,28.801513671875,2.4182566767153517
1969,r2.0i1.0,2,1,30.4581298828125,4.314694611922555
1969,r2.0i2.0,2,2,27.405029296875,1.1403556492017657
1969,r3.0i1.0,3,1,29.14276123046875,2.3769663935122267
1969,r3.0i2.0,3,2,23.90362548828125,-1.4493474545686134
1969,r4.0i1.0,4,1,22.49072265625,-3.9964055600373634
1969,r4.0i2.0,4,2,24.8116455078125,-1.2685254967730977
1969,r5.0i1.0,5,1,30.59881591796875,4.616919476052988
1969,r5.0i2.0,5,2,23.17803955078125,-2.6983191448709256
1969,r6.0i1.0,6,1,29.1287841796875,3.1377775772758163
1969,r6.0i2.0,6,2,28.54925537109375,2.6356572690217384
1969,r7.0i1.0,7,1,26.9912109375,0.06905729874320699
1969,r7.0i2.0,7,2,24.00262451171875,-2.2304594620414413
1969,r8.0i1.0,8,1,26.7447509765625,0.44012185801630466
1969,r8.0i2.0,8,2,26.80255126953125,0.37854269276494534
1969,r9.0i1.0,9,1,26.9002685546875,0.335819410241168
1969,r9.0i2.0,9,2,26.51007080078125,0.45010641346807034
1969,r10.0i1.0,10,1,27.79437255859375,1.623645284901496
1969,r10.0i2.0,10,2,24.9664306640625,-1.3871393618376366
1970,r1.0i1.0,1,1,27.3634033203125,0.3237198539402186
1970,r1.0i2.0,1,2,25.9471435546875,-0.4361134404721483
1970,r2.0i1.0,2,1,26.19482421875,0.05138894786005466
1970,r2.0i2.0,2,2,28.1240234375,1.8593497898267657
1970,r3.0i1.0,3,1,24.99981689453125,-1.7659779424252733
1970,r3.0i2.0,3,2,25.0,-0.35297294284986336
1970,r4.0i1.0,4,1,30.39874267578125,3.9116144594938866
1970,r4.0i2.0,4,2,21.31903076171875,-4.761140242866848
1970,r5.0i1.0,5,1,23.15130615234375,-2.8305902895720116
1970,r5.0i2.0,5,2,26.71124267578125,0.8348839801290744
1970,r6.0i1.0,6,1,29.70562744140625,3.7146208389945663
1970,r6.0i2.0,6,2,25.00250244140625,-0.9110956606657616
1970,r7.0i1.0,7,1,29.5020751953125,2.579921556555707
1970,r7.0i2.0,7,2,26.57464599609375,0.3415620223335587
1970,r8.0i1.0,8,1,25.84539794921875,-0.45923116932744534
1970,r8.0i2.0,8,2,25.9122314453125,-0.5117771314538047
1970,r9.0i1.0,9,1,26.3701171875,-0.19433195694633199
1970,r9.0i2.0,9,2,25.14093017578125,-0.9190342115319297
1970,r10.0i1.0,10,1,27.7333984375,1.562671163807746
1970,r10.0i2.0,10,2,25.9453125,-0.40825752590013664
1971,r1.0i1.0,1,1,21.81988525390625,-5.219798212466031
1971,r1.0i2.0,1,2,22.8621826171875,-3.5210743779721483
1971,r2.0i1.0,2,1,28.54425048828125,2.4008152173913047
1971,r2.0i2.0,2,2,23.2926025390625,-2.9720711086107343
1971,r3.0i1.0,3,1,26.1644287109375,-0.6013661260190233
1971,r3.0i2.0,3,2,24.1181640625,-1.2348088803498634
1971,r4.0i1.0,4,1,29.97686767578125,3.4897394594938866
1971,r4.0i2.0,4,2,27.53326416015625,1.4530931555706523
1971,r5.0i1.0,5,1,22.3211669921875,-3.6607294497282616
1971,r5.0i2.0,5,2,27.089599609375,1.2132409137228244
1971,r6.0i1.0,6,1,25.34625244140625,-0.6447541610054337
1971,r6.0i2.0,6,2,27.10968017578125,1.1960820737092384
1971,r7.0i1.0,7,1,27.586669921875,0.664516283118207
1971,r7.0i2.0,7,2,25.76593017578125,-0.4671537979789413
1971,r8.0i1.0,8,1,26.02978515625,-0.27484396229619534
1971,r8.0i2.0,8,2,26.085693359375,-0.33831521739130466
1971,r9.0i1.0,9,1,32.284423828125,5.719974683678668
1971,r9.0i2.0,9,2,28.849853515625,2.7898891283118203
1971,r10.0i1.0,10,1,25.68621826171875,-0.48450901197350404
1971,r10.0i2.0,10,2,26.004638671875,-0.34893135402513664
1972,r1.0i1.0,1,1,28.85504150390625,1.8153580375339686
1972,r1.0i2.0,1,2,23.88238525390625,-2.5008717412533983
1972,r2.0i1.0,2,1,24.8984375,-1.2449977708899453
1972,r2.0i2.0,2,2,24.0125732421875,-2.2521004054857343
1972,r3.0i1.0,3,1,25.74432373046875,-1.0214711064877733
1972,r3.0i2.0,3,2,26.0531005859375,0.7001276430876366
1972,r4.0i1.0,4,1,25.6585693359375,-0.8285588803498634
1972,r4.0i2.0,4,2,27.268310546875,1.1881395422894023
1972,r5.0i1.0,5,1,24.41192626953125,-1.5699701723845116
1972,r5.0i2.0,5,2,27.83221435546875,1.9558556598165744
1972,r6.0i1.0,6,1,24.617431640625,-1.3735749617866837
1972,r6.0i2.0,6,2,26.53228759765625,0.6186894955842384
1972,r7.0i1.0,7,1,26.6575927734375,-0.264560865319293
1972,r7.0i2.0,7,2,25.7034912109375,-0.5295927628226913
1972,r8.0i1.0,8,1,29.28839111328125,2.9837619947350547
1972,r8.0i2.0,8,2,30.18115234375,3.7571437669836953
1972,r9.0i1.0,9,1,25.815185546875,-0.749263597571332
1972,r9.0i2.0,9,2,24.67742919921875,-1.3825351880944297
1972,r10.0i1.0,10,1,26.41943359375,0.24870632005774596
1972,r10.0i2.0,10,2,25.3067626953125,-1.0468073305876366
1973,r1.0i1.0,1,1,26.08282470703125,-0.9568587593410314
1973,r1.0i2.0,1,2,24.7484130859375,-1.6348439092221483
1973,r2.0i1.0,2,1,28.43988037109375,2.2964451002038047
1973,r2.0i2.0,2,2,26.35302734375,0.08835369607676569
1973,r3.0i1.0,3,1,26.53070068359375,-0.23509415336277328
1973,r3.0i2.0,3,2,28.99212646484375,3.6391535219938866
1973,r4.0i1.0,4,1,27.39202880859375,0.9049005923063866
1973,r4.0i2.0,4,2,26.61334228515625,0.5331712805706523
1973,r5.0i1.0,5,1,25.79986572265625,-0.18203071925951164
1973,r5.0i2.0,5,2,26.30816650390625,0.4318078082540744
1973,r6.0i1.0,6,1,27.4879150390625,1.4969084366508163
1973,r6.0i2.0,6,2,27.333251953125,1.4196538510529884
1973,r7.0i1.0,7,1,25.73431396484375,-1.187839673913043
1973,r7.0i2.0,7,2,28.3414306640625,2.1083466903023087
1973,r8.0i1.0,8,1,28.2659912109375,1.9613620923913047
1973,r8.0i2.0,8,2,28.9638671875,2.5398586107336953
1973,r9.0i1.0,9,1,29.14385986328125,2.579410718834918
1973,r9.0i2.0,9,2,26.78790283203125,0.7279384447180703
1973,r10.0i1.0,10,1,26.0263671875,-0.14436008619225404
1973,r10.0i2.0,10,2,23.49505615234375,-2.8585138735563866
1974,r1.0i1.0,1,1,22.60504150390625,-4.434641962466031
1974,r1.0i2.0,1,2,26.65216064453125,0.2689036493716017
1974,r2.0i1.0,2,1,25.99371337890625,-0.14972189198369534
1974,r2.0i2.0,2,2,26.9993896484375,0.7347160007642657
1974,r3.0i1.0,3,1,25.3741455078125,-1.3916493291440233
1974,r3.0i2.0,3,2,25.43206787109375,0.07909492824388664
1974,r4.0i1.0,4,1,27.900146484375,1.4130182680876366
1974,r4.0i2.0,4,2,26.036865234375,-0.04330577021059767
1974,r5.0i1.0,5,1,29.10333251953125,3.1214360776154884
1974,r5.0i2.0,5,2,28.2021484375,2.3257897418478244
1974,r6.0i1.0,6,1,24.90771484375,-1.0832917586616837
1974,r6.0i2.0,6,2,22.095947265625,-3.8176508364470116
1974,r7.0i1.0,7,1,29.18328857421875,2.261134935461957
1974,r7.0i2.0,7,2,28.65032958984375,2.4172456160835587
1974,r8.0i1.0,8,1,24.0426025390625,-2.2620265794836953
1974,r8.0i2.0,8,2,24.25750732421875,-2.1665012525475547
1974,r9.0i1.0,9,1,26.7880859375,0.22363679305366801
1974,r9.0i2.0,9,2,24.28570556640625,-1.7742588209069297
1974,r10.0i1.0,10,1,25.75732421875,-0.41340305494225404
1974,r10.0i2.0,10,2,25.2508544921875,-1.1027155337126366
1975,r1.0i1.0,1,1,26.47381591796875,-0.5658675484035314
1975,r1.0i2.0,1,2,22.73065185546875,-3.6526051396908983
1975,r2.0i1.0,2,1,28.2425537109375,2.0991184400475547
1975,r2.0i2.0,2,2,27.9940185546875,1.7293449070142657
1975,r3.0i1.0,3,1,28.87139892578125,2.1056040888247267
1975,r3.0i2.0,3,2,26.0865478515625,0.7335749087126366
1975,r4.0i1.0,4,1,27.09844970703125,0.6113214907438866
1975,r4.0i2.0,4,2,23.8583984375,-2.2217725670855977
1975,r5.0i1.0,5,1,22.5877685546875,-3.3941278872282616
1975,r5.0i2.0,5,2,27.917724609375,2.0413659137228244
1975,r6.0i1.0,6,1,27.729248046875,1.7382414444633163
1975,r6.0i2.0,6,2,27.17999267578125,1.2663945737092384
1975,r7.0i1.0,7,1,26.7130126953125,-0.20914094344429301
1975,r7.0i2.0,7,2,26.781982421875,0.5488984481148087
1975,r8.0i1.0,8,1,27.10028076171875,0.7956516431725547
1975,r8.0i2.0,8,2,26.25506591796875,-0.16894265879755466
1975,r9.0i1.0,9,1,25.34307861328125,-1.221370531165082
1975,r9.0i2.0,9,2,23.6044921875,-2.4554721998131797
1975,r10.0i1.0,10,1,23.08599853515625,-3.084728738536004
1975,r10.0i2.0,10,2,27.78619384765625,1.4326238217561134
1976,r1.0i1.0,1,1,25.7264404296875,-1.3132430366847814
1976,r1.0i2.0,1,2,27.4866943359375,1.1034373407778517
1976,r2.0i1.0,2,1,25.55804443359375,-0.5853908372961953
1976,r2.0i2.0,2,2,24.87115478515625,-1.3935188625169843
1976,r3.0i1.0,3,1,29.6376953125,2.8719004755434767
1976,r3.0i2.0,3,2,24.07440185546875,-1.2785710873811134
1976,r4.0i1.0,4,1,27.5341796875,1.0470514712126366
1976,r4.0i2.0,4,2,24.0821533203125,-1.9980176842730977
1976,r5.0i1.0,5,1,22.66436767578125,-3.3175287661345116
1976,r5.0i2.0,5,2,27.64801025390625,1.7716515582540744
1976,r6.0i1.0,6,1,26.1673583984375,0.1763517960258163
1976,r6.0i2.0,6,2,28.0909423828125,2.1773442807404884
1976,r7.0i1.0,7,1,22.49945068359375,-4.422702955163043
1976,r7.0i2.0,7,2,23.39892578125,-2.8341581925101913
1976,r8.0i1.0,8,1,23.95355224609375,-2.3510768724524453
1976,r8.0i2.0,8,2,25.2249755859375,-1.1990329908288047
1976,r9.0i1.0,9,1,27.92608642578125,1.361637281334918
1976,r9.0i2.0,9,2,24.425048828125,-1.6349155591881797
1976,r10.0i1.0,10,1,27.9296875,1.758960226307746
1976,r10.0i2.0,10,2,27.4381103515625,1.0845403256623634
1977,r1.0i1.0,1,1,25.65130615234375,-1.3883773140285314
1977,r1.0i2.0,1,2,25.080810546875,-1.3024464482846483
1977,r2.0i1.0,2,1,28.37799072265625,2.2345554517663047
1977,r2.0i2.0,2,2,24.2904052734375,-1.9742683742357343
1977,r3.0i1.0,3,1,29.3878173828125,2.6220225458559767
1977,r3.0i2.0,3,2,24.15087890625,-1.2020940365998634
1977,r4.0i1.0,4,1,25.34173583984375,-1.1453923764436134
1977,r4.0i2.0,4,2,29.1727294921875,3.0925584876019023
1977,r5.0i1.0,5,1,25.03338623046875,-0.9485102114470116
1977,r5.0i2.0,5,2,27.045166015625,1.1688073199728244
1977,r6.0i1.0,6,1,23.61346435546875,-2.3775422469429337
1977,r6.0i2.0,6,2,25.5263671875,-0.38723091457201164
1977,r7.0i1.0,7,1,24.68475341796875,-2.237400220788043
1977,r7.0i2.0,7,2,29.37933349609375,3.1462495223335587
1977,r8.0i1.0,8,1,26.68548583984375,0.38085672129755466
1977,r8.0i2.0,8,2,24.45269775390625,-1.9713108228600547
1977,r9.0i1.0,9,1,29.98785400390625,3.423404859459918
1977,r9.0i2.0,9,2,26.42071533203125,0.36075094471807034
1977,r10.0i1.0,10,1,27.3323974609375,1.161670187245246
1977,r10.0i2.0,10,2,22.26715087890625,-4.086419146993887
1978,r1.0i1.0,1,1,28.8709716796875,1.8312882133152186
1978,r1.0i2.0,1,2,24.8128662109375,-1.5703907842221483
1978,r2.0i1.0,2,1,22.917724609375,-3.2257106615149453
1978,r2.0i2.0,2,2,26.45001220703125,0.1853385593580157
1978,r3.0i1.0,3,1,25.9090576171875,-0.8567372197690233
1978,r3.0i2.0,3,2,26.404052734375,1.0510797915251366
1978,r4.0i1.0,4,1,25.03094482421875,-1.4561833920686134
1978,r4.0i2.0,4,2,27.06158447265625,0.9814134680706523
1978,r5.0i1.0,5,1,27.7213134765625,1.7394170346467384
1978,r5.0i2.0,5,2,27.5841064453125,1.7077477496603244
1978,r6.0i1.0,6,1,27.1043701171875,1.1133635147758163
1978,r6.0i2.0,6,2,24.06427001953125,-1.8493280825407616
1978,r7.0i1.0,7,1,28.2342529296875,1.312099290930707
1978,r7.0i2.0,7,2,24.7613525390625,-1.4717314346976913
1978,r8.0i1.0,8,1,27.8404541015625,1.5358249830163047
1978,r8.0i2.0,8,2,26.616943359375,0.19293478260869534
1978,r9.0i1.0,9,1,30.74847412109375,4.184024976647418
1978,r9.0i2.0,9,2,26.89886474609375,0.8389003587805703
1978,r10.0i1.0,10,1,28.059814453125,1.889087179432746
1978,r10.0i2.0,10,2,23.4033203125,-2.9502497134001366
1979,r1.0i1.0,1,1,26.77642822265625,-0.2632552437160314
1979,r1.0i2.0,1,2,25.420166015625,-0.9630909795346483
1979,r2.0i1.0,2,1,27.11572265625,0.9722873853600547
1979,r2.0i2.0,2,2,30.3824462890625,4.117772641389266
1979,r3.0i1.0,3,1,22.20782470703125,-4.557970129925273
1979,r3.0i2.0,3,2,24.56427001953125,-0.7887029233186134
1979,r4.0i1.0,4,1,26.59442138671875,0.10729317043138664
1979,r4.0i2.0,4,2,27.8431396484375,1.7629686438519023
1979,r5.0i1.0,5,1,26.56134033203125,0.5794438901154884
1979,r5.0i2.0,5,2,23.1060791015625,-2.7702795940896756
1979,r6.0i1.0,6,1,28.500732421875,2.5097258194633163
1979,r6.0i2.0,6,2,28.35076904296875,2.4371709408967384
1979,r7.0i1.0,7,1,26.785400390625,-0.13675324813179301
1979,r7.0i2.0,7,2,27.2158203125,0.9827363387398087
1979,r8.0i1.0,8,1,26.15350341796875,-0.15112570057744534
1979,r8.0i2.0,8,2,26.92034912109375,0.49634054432744534
1979,r9.0i1.0,9,1,28.15740966796875,1.592960523522418
1979,r9.0i2.0,9,2,23.8743896484375,-2.1855747388756797
1979,r10.0i1.0,10,1,26.18243408203125,0.011706808338995955
1979,r10.0i2.0,10,2,24.082275390625,-2.2712946352751366
1980,r1.0i1.0,1,1,23.71014404296875,-3.3295394234035314
1980,r1.0i2.0,1,2,27.23291015625,0.8496531610903517
1980,r2.0i1.0,2,1,28.684326171875,2.5408909009850547
1980,r2.0i2.0,2,2,26.339111328125,0.07443768045176569
1980,r3.0i1.0,3,1,28.3714599609375,1.6056651239809767
1980,r3.0i2.0,3,2,21.15179443359375,-4.201178509256113
1980,r4.0i1.0,4,1,23.97186279296875,-2.5152654233186134
1980,r4.0i2.0,4,2,21.22711181640625,-4.853059188179348
1980,r5.0i1.0,5,1,26.4498291015625,0.46793265964673836
1980,r5.0i2.0,5,2,28.13116455078125,2.2548058551290744
1980,r6.0i1.0,6,1,26.49444580078125,0.5034391983695663
1980,r6.0i2.0,6,2,28.5067138671875,2.5931157651154884
1980,r7.0i1.0,7,1,28.13031005859375,1.208156419836957
1980,r7.0i2.0,7,2,26.19903564453125,-0.0340483292289413
1980,r8.0i1.0,8,1,27.4554443359375,1.1508152173913047
1980,r8.0i2.0,8,2,24.58447265625,-1.8395359205163047
1980,r9.0i1.0,9,1,25.78155517578125,-0.782893968665082
1980,r9.0i2.0,9,2,27.845458984375,1.7854945970618203
1980,r10.0i1.0,10,1,23.99383544921875,-2.176891824473504
1980,r10.0i2.0,10,2,25.573974609375,-0.7795954165251366
1981,r1.0i1.0,1,1,26.0361328125,-1.0035506538722814
1981,r1.0i2.0,1,2,25.5506591796875,-0.8325978154721483
1981,r2.0i1.0,2,1,23.068603515625,-3.0748317552649453
1981,r2.0i2.0,2,2,22.31671142578125,-3.9479622218919843
1981,r3.0i1.0,3,1,26.3758544921875,-0.3899403447690233
1981,r3.0i2.0,3,2,24.94903564453125,-0.40393729831861336
1981,r4.0i1.0,4,1,26.96490478515625,0.47777656886888664
1981,r4.0i2.0,4,2,23.6519775390625,-2.4281934655230977
1981,r5.0i1.0,5,1,22.06719970703125,-3.9146967348845116
1981,r5.0i2.0,5,2,24.79461669921875,-1.0817419964334256
1981,r6.0i1.0,6,1,25.5836181640625,-0.4073884383491837
1981,r6.0i2.0,6,2,24.5738525390625,-1.3397455630095116
1981,r7.0i1.0,7,1,26.72393798828125,-0.19821565047554301
1981,r7.0i2.0,7,2,28.93365478515625,2.7005708113960587
1981,r8.0i1.0,8,1,26.2269287109375,-0.07770040760869534
1981,r8.0i2.0,8,2,29.498046875,3.0740382982336953
1981,r9.0i1.0,9,1,22.21185302734375,-4.352596117102582
1981,r9.0i2.0,9,2,28.09771728515625,2.0377528978430703
1981,r10.0i1.0,10,1,23.49700927734375,-2.673717996348504
1981,r10.0i2.0,10,2,21.64593505859375,-4.707634967306387
1982,r1.0i1.0,1,1,22.95831298828125,-4.081370478091031
1982,r1.0i2.0,1,2,26.1513671875,-0.23188980765964828
1982,r2.0i1.0,2,1,27.3646240234375,1.2211887525475547
1982,r2.0i2.0,2,2,29.103271484375,2.8385978367017657
1982,r3.0i1.0,3,1,27.86309814453125,1.0973033075747267
1982,r3.0i2.0,3,2,29.78973388671875,4.436760943868887
1982,r4.0i1.0,4,1,27.03106689453125,0.5439386782438866
1982,r4.0i2.0,4,2,26.05474853515625,-0.02542246942934767
1982,r5.0i1.0,5,1,25.63787841796875,-0.34401802394701164
1982,r5.0i2.0,5,2,23.1790771484375,-2.6972815472146756
1982,r6.0i1.0,6,1,25.83782958984375,-0.1531770125679337
1982,r6.0i2.0,6,2,26.18231201171875,0.26871390964673836
1982,r7.0i1.0,7,1,28.20098876953125,1.278835130774457
1982,r7.0i2.0,7,2,29.642822265625,3.4097382918648087
1982,r8.0i1.0,8,1,27.984619140625,1.6799900220788047
1982,r8.0i2.0,8,2,28.65875244140625,2.2347438646399453
1982,r9.0i1.0,9,1,28.60791015625,2.043461011803668
1982,r9.0i2.0,9,2,24.4334716796875,-1.6264927076256797
1982,r10.0i1.0,10,1,24.9046630859375,-1.266064187754754
1982,r10.0i2.0,10,2,30.31195068359375,3.9583806576936134
1983,r1.0i1.0,1,1,26.338623046875,-0.7010604194972814
1983,r1.0i2.0,1,2,30.17767333984375,3.7944163446841017
1983,r2.0i1.0,2,1,27.72308349609375,1.5796482252038047
1983,r2.0i2.0,2,2,27.21380615234375,0.9491325046705157
1983,r3.0i1.0,3,1,24.6865234375,-2.0792713994565233
1983,r3.0i2.0,3,2,29.8369140625,4.483941119650137
1983,r4.0i1.0,4,1,27.84747314453125,1.3603449282438866
1983,r4.0i2.0,4,2,29.60626220703125,3.5260912024456523
1983,r5.0i1.0,5,1,23.8568115234375,-2.1250849184782616
1983,r5.0i2.0,5,2,26.27838134765625,0.4020226520040744
1983,r6.0i1.0,6,1,23.78271484375,-2.2082917586616837
1983,r6.0i2.0,6,2,28.71990966796875,2.8063115658967384
1983,r7.0i1.0,7,1,28.039306640625,1.117153001868207
1983,r7.0i2.0,7,2,26.60198974609375,0.3689057723335587
1983,r8.0i1.0,8,1,26.74041748046875,0.43578836192255466
1983,r8.0i2.0,8,2,29.21533203125,2.7913234544836953
1983,r9.0i1.0,9,1,24.20355224609375,-2.360896898352582
1983,r9.0i2.0,9,2,27.80560302734375,1.7456386400305703
1983,r10.0i1.0,10,1,31.40899658203125,5.238269308338996
1983,r10.0i2.0,10,2,19.77691650390625,-6.576653521993887
1984,r1.0i1.0,1,1,26.31488037109375,-0.7248030952785314
1984,r1.0i2.0,1,2,25.30181884765625,-1.0814381475033983
1984,r2.0i1.0,2,1,22.6317138671875,-3.5117214037024453
1984,r2.0i2.0,2,2,28.24078369140625,1.9761100437330157
1984,r3.0i1.0,3,1,31.7701416015625,5.004346764605977
1984,r3.0i2.0,3,2,29.8082275390625,4.455254596212637
1984,r4.0i1.0,4,1,26.881591796875,0.39446358058763664
1984,r4.0i2.0,4,2,30.228515625,4.148344620414402
1984,r5.0i1.0,5,1,26.51361083984375,0.5317143979279884
1984,r5.0i2.0,5,2,25.64166259765625,-0.2346960979959256
1984,r6.0i1.0,6,1,27.0439453125,1.0529387100883163
1984,r6.0i2.0,6,2,28.4193115234375,2.5057134213654884
1984,r7.0i1.0,7,1,25.25054931640625,-1.671604322350543
1984,r7.0i2.0,7,2,26.39434814453125,0.1612641707710587
1984,r8.0i1.0,8,1,26.8922119140625,0.5875827955163047
1984,r8.0i2.0,8,2,27.729248046875,1.3052394701086953
1984,r9.0i1.0,9,1,24.323486328125,-2.240962816321332
1984,r9.0i2.0,9,2,28.36407470703125,2.3041103197180703
1984,r10.0i1.0,10,1,25.606201171875,-0.564526101817254
1984,r10.0i2.0,10,2,27.2174072265625,0.8638372006623634
1985,r1.0i1.0,1,1,26.646728515625,-0.3929549507472814
1985,r1.0i2.0,1,2,28.6744384765625,2.2911814814028517
1985,r2.0i1.0,2,1,25.11163330078125,-1.0318019701086953
1985,r2.0i2.0,2,2,28.21533203125,1.9506583835767657
1985,r3.0i1.0,3,1,26.60546875,-0.16032608695652328
1985,r3.0i2.0,3,2,28.9415283203125,3.5885553774626366
1985,r4.0i1.0,4,1,24.13897705078125,-2.3481511655061134
1985,r4.0i2.0,4,2,28.49810791015625,2.4179369055706523
1985,r5.0i1.0,5,1,19.4822998046875,-6.499596637228262
1985,r5.0i2.0,5,2,28.79241943359375,2.9160607379415744
1985,r6.0i1.0,6,1,28.031494140625,2.0404875382133163
1985,r6.0i2.0,6,2,24.39129638671875,-1.5223017153532616
1985,r7.0i1.0,7,1,29.0247802734375,2.102626634680707
1985,r7.0i2.0,7,2,31.11651611328125,4.883432139521059
1985,r8.0i1.0,8,1,28.87109375,2.5664646314538047
1985,r8.0i2.0,8,2,26.147216796875,-0.27679177989130466
1985,r9.0i1.0,9,1,26.923828125,0.359378980553668
1985,r9.0i2.0,9,2,28.08245849609375,2.0224941087805703
1985,r10.0i1.0,10,1,26.88311767578125,0.712390402088996
1985,r10.0i2.0,10,2,24.35430908203125,-1.9992609438688866
1986,r1.0i1.0,1,1,25.9793701171875,-1.0603133491847814
1986,r1.0i2.0,1,2,28.64166259765625,2.2584056024966017
1986,r2.0i1.0,2,1,28.45196533203125,2.3085300611413047
1986,r2.0i2.0,2,2,25.57806396484375,-0.6866096828294843
1986,r3.0i1.0,3,1,27.0809326171875,0.3151377802309767
1986,r3.0i2.0,3,2,23.76519775390625,-1.5877751889436134
1986,r4.0i1.0,4,1,26.62969970703125,0.14257149074388664
1986,r4.0i2.0,4,2,25.47210693359375,-0.6080640709918477
1986,r5.0i1.0,5,1,24.12493896484375,-1.8569574770720116
1986,r5.0i2.0,5,2,23.8377685546875,-2.0385901409646756
1986,r6.0i1.0,6,1,25.64892578125,-0.3420808211616837
1986,r6.0i2.0,6,2,24.4903564453125,-1.4232416567595116
1986,r7.0i1.0,7,1,25.83721923828125,-1.084934400475543
1986,r7.0i2.0,7,2,24.07177734375,-2.1613066300101913
1986,r8.0i1.0,8,1,25.266845703125,-1.0377834154211953
1986,r8.0i2.0,8,2,25.84625244140625,-0.5777561353600547
1986,r9.0i1.0,9,1,27.0394287109375,0.474979566491168
1986,r9.0i2.0,9,2,26.76416015625,0.7041957689368203
1986,r10.0i1.0,10,1,22.87188720703125,-3.298840066661004
1986,r10.0i2.0,10,2,25.88861083984375,-0.46495918605638664
1987,r1.0i1.0,1,1,30.46551513671875,3.4258316703464686
1987,r1.0i2.0,1,2,28.24884033203125,1.8655833368716017
1987,r2.0i1.0,2,1,26.5965576171875,0.45312234629755466
1987,r2.0i2.0,2,2,26.09539794921875,-0.1692756984544843
1987,r3.0i1.0,3,1,29.59136962890625,2.8255747919497267
1987,r3.0i2.0,3,2,22.8966064453125,-2.4563664975373634
1987,r4.0i1.0,4,1,24.80792236328125,-1.6792058530061134
1987,r4.0i2.0,4,2,24.7313232421875,-1.3488477623980977
1987,r5.0i1.0,5,1,24.05029296875,-1.9316034731657616
1987,r5.0i2.0,5,2,25.0965576171875,-0.7798010784646756
1987,r6.0i1.0,6,1,26.4210205078125,0.4300139054008163
1987,r6.0i2.0,6,2,30.79681396484375,4.883215862771738
1987,r7.0i1.0,7,1,22.60491943359375,-4.317234205163043
1987,r7.0i2.0,7,2,27.61383056640625,1.3807465926460587
1987,r8.0i1.0,8,1,28.86383056640625,2.5592014478600547
1987,r8.0i2.0,8,2,27.13037109375,0.7063625169836953
1987,r9.0i1.0,9,1,26.0462646484375,-0.518184496008832
1987,r9.0i2.0,9,2,23.7481689453125,-2.3117954420006797
1987,r10.0i1.0,10,1,25.285400390625,-0.885326883067254
1987,r10.0i2.0,10,2,24.08782958984375,-2.2657404360563866
1988,r1.0i1.0,1,1,23.89068603515625,-3.1489974312160314
1988,r1.0i2.0,1,2,24.122802734375,-2.2604542607846483
1988,r2.0i1.0,2,1,21.99847412109375,-4.144961149796195
1988,r2.0i2.0,2,2,25.8040771484375,-0.4605964992357343
1988,r3.0i1.0,3,1,26.621826171875,-0.14396866508152328
1988,r3.0i2.0,3,2,21.79229736328125,-3.5606755795686134
1988,r4.0i1.0,4,1,26.3857421875,-0.10138602878736336
1988,r4.0i2.0,4,2,27.3358154296875,1.2556444251019023
1988,r5.0i1.0,5,1,26.8236083984375,0.8417119565217384
1988,r5.0i2.0,5,2,28.9632568359375,3.0868981402853244
1988,r6.0i1.0,6,1,28.0262451171875,2.0352385147758163
1988,r6.0i2.0,6,2,24.296630859375,-1.6169672426970116
1988,r7.0i1.0,7,1,30.14630126953125,3.224147630774457
1988,r7.0i2.0,7,2,25.48284912109375,-0.7502348526664413
1988,r8.0i1.0,8,1,29.40240478515625,3.0977756666100547
1988,r8.0i2.0,8,2,28.22711181640625,1.8031032396399453
1988,r9.0i1.0,9,1,24.492919921875,-2.071529222571332
1988,r9.0i2.0,9,2,25.68017578125,-0.37978860606317966
1988,r10.0i1.0,10,1,24.809814453125,-1.360912820567254
1988,r10.0i2.0,10,2,28.4222412109375,2.0686711850373634
1989,r1.0i1.0,1,1,26.56805419921875,-0.4716292671535314
1989,r1.0i2.0,1,2,27.0052490234375,0.6219920282778517
1989,r2.0i1.0,2,1,25.02850341796875,-1.1149318529211953
1989,r2.0i2.0,2,2,27.16900634765625,0.9043326999830157
1989,r3.0i1.0,3,1,26.51812744140625,-0.24766739555027328
1989,r3.0i2.0,3,2,25.0113525390625,-0.34162040378736336
1989,r4.0i1.0,4,1,21.518310546875,-4.968817669412363
1989,r4.0i2.0,4,2,27.02557373046875,0.9454027258831523
1989,r5.0i1.0,5,1,28.01800537109375,2.0361089291779884
1989,r5.0i2.0,5,2,25.308349609375,-0.5680090862771756
1989,r6.0i1.0,6,1,29.63104248046875,3.6400358780570663
1989,r6.0i2.0,6,2,28.52691650390625,2.6133184018342384
1989,r7.0i1.0,7,1,29.490478515625,2.568324876868207
1989,r7.0i2.0,7,2,28.82763671875,2.5945527449898087
1989,r8.0i1.0,8,1,28.6771240234375,2.3724949048913047
1989,r8.0i2.0,8,2,30.2291259765625,3.8051173997961953
1989,r9.0i1.0,9,1,27.40423583984375,0.839786695397418
1989,r9.0i2.0,9,2,27.43756103515625,1.3775966478430703
1989,r10.0i1.0,10,1,21.8262939453125,-4.344433328379754
1989,r10.0i2.0,10,2,26.7449951171875,0.39142509128736336
1990,r1.0i1.0,1,1,25.99896240234375,-1.0407210640285314
1990,r1.0i2.0,1,2,27.76953125,1.3862742548403517
1990,r2.0i1.0,2,1,26.32122802734375,0.17779275645380466
1990,r2.0i2.0,2,2,26.69287109375,0.4281974460767657
1990,r3.0i1.0,3,1,26.84539794921875,0.07960311226222672
1990,r3.0i2.0,3,2,25.29730224609375,-0.05567069675611336
1990,r4.0i1.0,4,1,27.587646484375,1.1005182680876366
1990,r4.0i2.0,4,2,26.95428466796875,0.8741136633831523
1990,r5.0i1.0,5,1,26.97174072265625,0.9898442807404884
1990,r5.0i2.0,5,2,24.27008056640625,-1.6062781292459256
1990,r6.0i1.0,6,1,23.05450439453125,-2.9365022078804337
1990,r6.0i2.0,6,2,25.91375732421875,0.0001592221467383581
1990,r7.0i1.0,7,1,22.90118408203125,-4.020969556725543
1990,r7.0i2.0,7,2,28.373291015625,2.1402070418648087
1990,r8.0i1.0,8,1,29.1539306640625,2.8493015455163047
1990,r8.0i2.0,8,2,19.8138427734375,-6.610165803328805
1990,r9.0i1.0,9,1,27.3956298828125,0.831180738366168
1990,r9.0i2.0,9,2,27.70220947265625,1.6422450853430703
1990,r10.0i1.0,10,1,30.64764404296875,4.476916769276496
1990,r10.0i2.0,10,2,27.324951171875,0.9713811459748634
1991,r1.0i1.0,1,1,27.05810546875,0.018422002377718627
1991,r1.0i2.0,1,2,25.92803955078125,-0.4552174443783983
1991,r2.0i1.0,2,1,23.55731201171875,-2.5861232591711953
1991,r2.0i2.0,2,2,28.0546875,1.7900138523267657
1991,r3.0i1.0,3,1,30.19805908203125,3.4322642450747267
1991,r3.0i2.0,3,2,24.92724609375,-0.42572684909986336
1991,r4.0i1.0,4,1,27.577392578125,1.0902643618376366
1991,r4.0i2.0,4,2,26.72296142578125,0.6427904211956523
1991,r5.0i1.0,5,1,30.03350830078125,4.051611858865488
1991,r5.0i2.0,5,2,25.2908935546875,-0.5854651409646756
1991,r6.0i1.0,6,1,23.5916748046875,-2.3993317977241837
1991,r6.0i2.0,6,2,26.747314453125,0.8337163510529884
1991,r7.0i1.0,7,1,28.55279541015625,1.630641771399457
1991,r7.0i2.0,7,2,26.20941162109375,-0.0236723526664413
1991,r8.0i1.0,8,1,25.472900390625,-0.8317287279211953
1991,r8.0i2.0,8,2,27.65618896484375,1.2321803880774453
1991,r9.0i1.0,9,1,25.21807861328125,-1.346370531165082
1991,r9.0i2.0,9,2,23.71875,-2.3412143873131797
1991,r10.0i1.0,10,1,28.2796630859375,2.108935812245246
1991,r10.0i2.0,10,2,29.568359375,3.2147893490998634
1992,r1.0i1.0,1,1,28.2430419921875,1.2033585258152186
1992,r1.0i2.0,1,2,27.23291015625,0.8496531610903517
1992,r2.0i1.0,2,1,26.3658447265625,0.22240945567255466
1992,r2.0i2.0,2,2,24.836181640625,-1.4284920070482343
1992,r3.0i1.0,3,1,20.5672607421875,-6.198534094769023
1992,r3.0i2.0,3,2,28.160400390625,2.8074274477751366
1992,r4.0i1.0,4,1,20.99383544921875,-5.493292767068613
1992,r4.0i2.0,4,2,25.62725830078125,-0.45291270380434767
1992,r5.0i1.0,5,1,26.89422607421875,0.9123296323029884
1992,r5.0i2.0,5,2,25.91485595703125,0.03849726137907439
1992,r6.0i1.0,6,1,25.2393798828125,-0.7516267195991837
1992,r6.0i2.0,6,2,25.819091796875,-0.09450630519701164
1992,r7.0i1.0,7,1,25.3758544921875,-1.546299146569293
1992,r7.0i2.0,7,2,24.5626220703125,-1.6704619034476913
1992,r8.0i1.0,8,1,27.67266845703125,1.3680393384850547
1992,r8.0i2.0,8,2,28.3096923828125,1.8856838060461953
1992,r9.0i1.0,9,1,24.93170166015625,-1.632747484290082
1992,r9.0i2.0,9,2,27.11834716796875,1.0583827806555703
1992,r10.0i1.0,10,1,25.69354248046875,-0.47718479322350404
1992,r10.0i2.0,10,2,27.41790771484375,1.0643376889436134
1993,r1.0i1.0,1,1,24.984375,-2.0553084663722814
1993,r1.0i2.0,1,2,25.13616943359375,-1.2470875615658983
1993,r2.0i1.0,2,1,23.03460693359375,-3.1088283372961953
1993,r2.0i2.0,2,2,22.43011474609375,-3.8345589015794843
1993,r3.0i1.0,3,1,23.9541015625,-2.8116932744565233
1993,r3.0i2.0,3,2,26.92156982421875,1.5685968813688866
1993,r4.0i1.0,4,1,31.06646728515625,4.579339068868887
1993,r4.0i2.0,4,2,23.14080810546875,-2.9393628991168477
1993,r5.0i1.0,5,1,24.97216796875,-1.0097284731657616
1993,r5.0i2.0,5,2,27.9683837890625,2.0920250934103244
1993,r6.0i1.0,6,1,24.67327880859375,-1.3177277938179337
1993,r6.0i2.0,6,2,26.60833740234375,0.6947393002717384
1993,r7.0i1.0,7,1,27.96759033203125,1.045436693274457
1993,r7.0i2.0,7,2,31.0667724609375,4.833688487177309
1993,r8.0i1.0,8,1,25.639892578125,-0.6647365404211953
1993,r8.0i2.0,8,2,24.80584716796875,-1.6181614087975547
1993,r9.0i1.0,9,1,26.16741943359375,-0.397029710852582
1993,r9.0i2.0,9,2,23.324462890625,-2.7355014966881797
1993,r10.0i1.0,10,1,27.4901123046875,1.319385030995246
1993,r10.0i2.0,10,2,28.16766357421875,1.8140935483186134
1994,r1.0i1.0,1,1,23.8138427734375,-3.2258406929347814
1994,r1.0i2.0,1,2,28.769287109375,2.3860301142153517
1994,r2.0i1.0,2,1,27.92010498046875,1.7766697095788047
1994,r2.0i2.0,2,2,22.61383056640625,-3.6508430812669843
1994,r3.0i1.0,3,1,23.6778564453125,-3.0879383916440233
1994,r3.0i2.0,3,2,23.623046875,-1.7299260678498634
1994,r4.0i1.0,4,1,24.756591796875,-1.7305364194123634
1994,r4.0i2.0,4,2,25.34759521484375,-0.7325757897418477
1994,r5.0i1.0,5,1,26.839111328125,0.8572148862092384
1994,r5.0i2.0,5,2,25.0416259765625,-0.8347327190896756
1994,r6.0i1.0,6,1,27.20556640625,1.2145598038383163
1994,r6.0i2.0,6,2,27.278076171875,1.3644780698029884
1994,r7.0i1.0,7,1,26.45623779296875,-0.465915845788043
1994,r7.0i2.0,7,2,25.9132080078125,-0.3198759659476913
1994,r8.0i1.0,8,1,29.6683349609375,3.3637058423913047
1994,r8.0i2.0,8,2,23.67578125,-2.7482273267663047
1994,r9.0i1.0,9,1,25.1929931640625,-1.371455980383832
1994,r9.0i2.0,9,2,26.39947509765625,0.33951071034307034
1994,r10.0i1.0,10,1,26.75860595703125,0.587878683338996
1994,r10.0i2.0,10,2,23.31085205078125,-3.0427179751188866
1995,r1.0i1.0,1,1,30.632568359375,3.5928848930027186
1995,r1.0i2.0,1,2,22.49139404296875,-3.8918629521908983
1995,r2.0i1.0,2,1,26.1424560546875,-0.0009792162024453432
1995,r2.0i2.0,2,2,28.71832275390625,2.4536491062330157
1995,r3.0i1.0,3,1,26.311767578125,-0.4540272588315233
1995,r3.0i2.0,3,2,26.86749267578125,1.5145197329313866
1995,r4.0i1.0,4,1,27.89453125,1.4074030337126366
1995,r4.0i2.0,4,2,25.48388671875,-0.5962842858355977
1995,r5.0i1.0,5,1,29.2662353515625,3.2843389096467384
1995,r5.0i2.0,5,2,25.89306640625,0.016707710597824388
1995,r6.0i1.0,6,1,24.18768310546875,-1.8033234969429337
1995,r6.0i2.0,6,2,23.0533447265625,-2.8602533755095116
1995,r7.0i1.0,7,1,22.747314453125,-4.174839185631793
1995,r7.0i2.0,7,2,24.625244140625,-1.6078398331351913
1995,r8.0i1.0,8,1,26.33001708984375,0.025387971297554657
1995,r8.0i2.0,8,2,23.7271728515625,-2.6968357252038047
1995,r9.0i1.0,9,1,20.97015380859375,-5.594295335852582
1995,r9.0i2.0,9,2,31.81353759765625,5.75357321034307
1995,r10.0i1.0,10,1,29.54730224609375,3.376574972401496
1995,r10.0i2.0,10,2,26.52783203125,0.17426200534986336
1996,r1.0i1.0,1,1,30.1075439453125,3.0678604789402186
1996,r1.0i2.0,1,2,27.02850341796875,0.6452464228091017
1996,r2.0i1.0,2,1,25.673095703125,-0.47033956776494534
1996,r2.0i2.0,2,2,24.54998779296875,-1.7146858547044843
1996,r3.0i1.0,3,1,27.0665283203125,0.3007334833559767
1996,r3.0i2.0,3,2,25.45733642578125,0.10436348293138664
1996,r4.0i1.0,4,1,29.42938232421875,2.9422541079313866
1996,r4.0i2.0,4,2,20.1741943359375,-5.905976668648098
1996,r5.0i1.0,5,1,25.19805908203125,-0.7838373598845116
1996,r5.0i2.0,5,2,23.65850830078125,-2.2178503948709256
1996,r6.0i1.0,6,1,28.51544189453125,2.5244352921195663
1996,r6.0i2.0,6,2,20.9371337890625,-4.976464313009512
1996,r7.0i1.0,7,1,27.73797607421875,0.815822435461957
1996,r7.0i2.0,7,2,25.85113525390625,-0.3819487198539413
1996,r8.0i1.0,8,1,22.63946533203125,-3.6651637865149453
1996,r8.0i2.0,8,2,25.0059814453125,-1.4180271314538047
1996,r9.0i1.0,9,1,25.99981689453125,-0.564632249915082
1996,r9.0i2.0,9,2,24.22430419921875,-1.8356601880944297
1996,r10.0i1.0,10,1,26.7462158203125,0.575488546620246
1996,r10.0i2.0,10,2,29.79913330078125,3.4455632748811134
1997,r1.0i1.0,1,1,23.77630615234375,-3.2633773140285314
1997,r1.0i2.0,1,2,27.635986328125,1.2527293329653517
1997,r2.0i1.0,2,1,24.140869140625,-2.0025661302649453
1997,r2.0i2.0,2,2,26.45782470703125,0.1931510593580157
1997,r3.0i1.0,3,1,23.6209716796875,-3.1448231572690233
1997,r3.0i2.0,3,2,26.3333740234375,0.9804010805876366
1997,r4.0i1.0,4,1,30.23480224609375,3.7476740298063866
1997,r4.0i2.0,4,2,24.21942138671875,-1.8607496178668477
1997,r5.0i1.0,5,1,29.9949951171875,4.013098675271738
1997,r5.0i2.0,5,2,27.3577880859375,1.4814293902853244
1997,r6.0i1.0,6,1,24.92144775390625,-1.0695588485054337
1997,r6.0i2.0,6,2,26.6029052734375,0.6893071713654884
1997,r7.0i1.0,7,1,27.9425048828125,1.020351244055707
1997,r7.0i2.0,7,2,26.99853515625,0.7654511824898087
1997,r8.0i1.0,8,1,22.86273193359375,-3.4418971849524453
1997,r8.0i2.0,8,2,30.943359375,4.519350798233695
1997,r9.0i1.0,9,1,24.7420654296875,-1.822383714758832
1997,r9.0i2.0,9,2,28.6920166015625,2.6320522142493203
1997,r10.0i1.0,10,1,23.97320556640625,-2.197521707286004
1997,r10.0i2.0,10,2,20.54071044921875,-5.812859576681387
1998,r1.0i1.0,1,1,25.38092041015625,-1.6587630562160314
1998,r1.0i2.0,1,2,27.14703369140625,0.7637766962466017
1998,r2.0i1.0,2,1,26.080078125,-0.06335714588994534
1998,r2.0i2.0,2,2,25.5198974609375,-0.7447761867357343
1998,r3.0i1.0,3,1,25.97735595703125,-0.7884388799252733
1998,r3.0i2.0,3,2,24.1724853515625,-1.1804875912873634
1998,r4.0i1.0,4,1,27.2454833984375,0.7583551821501366
1998,r4.0i2.0,4,2,29.4454345703125,3.3652635657269023
1998,r5.0i1.0,5,1,29.90643310546875,3.9245366635529884
1998,r5.0i2.0,5,2,26.2633056640625,0.3869469684103244
1998,r6.0i1.0,6,1,27.3619384765625,1.3709318741508163
1998,r6.0i2.0,6,2,26.778564453125,0.8649663510529884
1998,r7.0i1.0,7,1,28.6883544921875,1.766200853430707
1998,r7.0i2.0,7,2,24.184326171875,-2.0487578018851913
1998,r8.0i1.0,8,1,24.3817138671875,-1.9229152513586953
1998,r8.0i2.0,8,2,30.0972900390625,3.6732814622961953
1998,r9.0i1.0,9,1,27.121826171875,0.557377027428668
1998,r9.0i2.0,9,2,25.8897705078125,-0.17019387950067966
1998,r10.0i1.0,10,1,23.6890869140625,-2.481640359629754
1998,r10.0i2.0,10,2,27.89642333984375,1.5428533139436134
1999,r1.0i1.0,1,1,26.19464111328125,-0.8450423530910314
1999,r1.0i2.0,1,2,26.36431884765625,-0.018938147503398284
1999,r2.0i1.0,2,1,28.77496337890625,2.6315281080163047
1999,r2.0i2.0,2,2,25.32080078125,-0.9438728664232343
1999,r3.0i1.0,3,1,29.4556884765625,2.6898936396059767
1999,r3.0i2.0,3,2,22.89178466796875,-2.4611882748811134
1999,r4.0i1.0,4,1,21.3974609375,-5.089667278787363
1999,r4.0i2.0,4,2,23.39208984375,-2.6880811608355977
1999,r5.0i1.0,5,1,31.0570068359375,5.075110394021738
1999,r5.0i2.0,5,2,24.04095458984375,-1.8354041058084256
1999,r6.0i1.0,6,1,25.7691650390625,-0.2218415633491837
1999,r6.0i2.0,6,2,25.06341552734375,-0.8501825747282616
1999,r7.0i1.0,7,1,27.06378173828125,0.14162809952445699
1999,r7.0i2.0,7,2,23.592529296875,-2.6405546768851913
1999,r8.0i1.0,8,1,27.50177001953125,1.1971409009850547
1999,r8.0i2.0,8,2,23.8665771484375,-2.5574314283288047
1999,r9.0i1.0,9,1,26.54034423828125,-0.024104906165081985
1999,r9.0i2.0,9,2,25.47454833984375,-0.5854160474694297
1999,r10.0i1.0,10,1,26.22705078125,0.056323507557745955
1999,r10.0i2.0,10,2,26.22509765625,-0.12847236965013664
2000,r1.0i1.0,1,1,30.489013671875,3.4493302055027186
2000,r1.0i2.0,1,2,26.3045654296875,-0.07869156547214828
2000,r2.0i1.0,2,1,22.87066650390625,-3.2727687669836953
2000,r2.0i2.0,2,2,26.99761962890625,0.7329459812330157
2000,r3.0i1.0,3,1,31.178955078125,4.413160241168477
2000,r3.0i2.0,3,2,23.22283935546875,-2.1301335873811134
2000,r4.0i1.0,4,1,24.95306396484375,-1.5340642514436134
2000,r4.0i2.0,4,2,26.6456298828125,0.5654588782269023
2000,r5.0i1.0,5,1,25.0445556640625,-0.9373407778532616
2000,r5.0i2.0,5,2,19.7545166015625,-6.121842094089676
2000,r6.0i1.0,6,1,24.90350341796875,-1.0875031844429337
2000,r6.0i2.0,6,2,26.1102294921875,0.19663139011548836
2000,r7.0i1.0,7,1,27.60540771484375,0.683254076086957
2000,r7.0i2.0,7,2,29.1337890625,2.9007050887398087
2000,r8.0i1.0,8,1,27.538330078125,1.2337009595788047
2000,r8.0i2.0,8,2,29.39007568359375,2.9660671068274453
2000,r9.0i1.0,9,1,26.271240234375,-0.293208910071332
2000,r9.0i2.0,9,2,26.4581298828125,0.39816549549932034
2000,r10.0i1.0,10,1,22.71240234375,-3.458324929942254
2000,r10.0i2.0,10,2,27.05364990234375,0.7000798764436134
2001,r1.0i1.0,1,1,24.64971923828125,-2.3899642280910314
2001,r1.0i2.0,1,2,30.4681396484375,4.084882653277852
2001,r2.0i1.0,2,1,26.6165771484375,0.47314187754755466
2001,r2.0i2.0,2,2,24.9324951171875,-1.3321785304857343
2001,r3.0i1.0,3,1,26.6341552734375,-0.13163956351902328
2001,r3.0i2.0,3,2,26.9351806640625,1.5822077212126366
2001,r4.0i1.0,4,1,29.43408203125,2.9469538149626366
2001,r4.0i2.0,4,2,24.861572265625,-1.2185987389605977
2001,r5.0i1.0,5,1,27.44189453125,1.4599980893342384
2001,r5.0i2.0,5,2,25.8626708984375,-0.013687797214675612
2001,r6.0i1.0,6,1,27.50872802734375,1.5177214249320663
2001,r6.0i2.0,6,2,22.8184814453125,-3.0951166567595116
2001,r7.0i1.0,7,1,29.4710693359375,2.548915697180707
2001,r7.0i2.0,7,2,24.72125244140625,-1.5118315323539413
2001,r8.0i1.0,8,1,23.76171875,-2.5429103685461953
2001,r8.0i2.0,8,2,23.35693359375,-3.0670749830163047
2001,r9.0i1.0,9,1,28.40802001953125,1.843570875084918
2001,r9.0i2.0,9,2,28.33050537109375,2.2705409837805703
2001,r10.0i1.0,10,1,27.65521240234375,1.484485128651496
2001,r10.0i2.0,10,2,26.5859375,0.23236747409986336
2002,r1.0i1.0,1,1,30.53448486328125,3.4948013969089686
2002,r1.0i2.0,1,2,25.06878662109375,-1.3144703740658983
2002,r2.0i1.0,2,1,26.7418212890625,0.5983860181725547
2002,r2.0i2.0,2,2,26.9178466796875,0.6531730320142657
2002,r3.0i1.0,3,1,21.8115234375,-4.954271399456523
2002,r3.0i2.0,3,2,25.715576171875,0.36260322902513664
2002,r4.0i1.0,4,1,22.8096923828125,-3.6774358334748634
2002,r4.0i2.0,4,2,26.3817138671875,0.30154286260190233
2002,r5.0i1.0,5,1,25.6751708984375,-0.30672554347826164
2002,r5.0i2.0,5,2,28.32147216796875,2.4451134723165744
2002,r6.0i1.0,6,1,23.3311767578125,-2.6598298445991837
2002,r6.0i2.0,6,2,24.57586669921875,-1.3377314028532616
2002,r7.0i1.0,7,1,27.460693359375,0.538539720618207
2002,r7.0i2.0,7,2,24.70477294921875,-1.5283110245414413
2002,r8.0i1.0,8,1,24.11029052734375,-2.1943385912024453
2002,r8.0i2.0,8,2,25.6961669921875,-0.7278415845788047
2002,r9.0i1.0,9,1,28.64581298828125,2.081363843834918
2002,r9.0i2.0,9,2,24.5994873046875,-1.4604770826256797
2002,r10.0i1.0,10,1,29.61029052734375,3.439563253651496
2002,r10.0i2.0,10,2,25.40814208984375,-0.9454279360563866
2003,r1.0i1.0,1,1,26.31158447265625,-0.7280989937160314
2003,r1.0i2.0,1,2,28.5814208984375,2.1981639032778517
2003,r2.0i1.0,2,1,23.70587158203125,-2.4375636888586953
2003,r2.0i2.0,2,2,26.40478515625,0.1401115085767657
2003,r3.0i1.0,3,1,24.400146484375,-2.3656483525815233
2003,r3.0i2.0,3,2,26.8653564453125,1.5123835024626366
2003,r4.0i1.0,4,1,28.05804443359375,1.5709162173063866
2003,r4.0i2.0,4,2,24.89630126953125,-1.1838697350543477
2003,r5.0i1.0,5,1,27.22869873046875,1.2468022885529884
2003,r5.0i2.0,5,2,24.57623291015625,-1.3001257854959256
2003,r6.0i1.0,6,1,25.1756591796875,-0.8153474227241837
2003,r6.0i2.0,6,2,22.875,-3.0385981020720116
2003,r7.0i1.0,7,1,28.67034912109375,1.748195482336957
2003,r7.0i2.0,7,2,22.605712890625,-3.6273710831351913
2003,r8.0i1.0,8,1,27.4737548828125,1.1691257642663047
2003,r8.0i2.0,8,2,25.10296630859375,-1.3210422681725547
2003,r9.0i1.0,9,1,25.78106689453125,-0.783382249915082
2003,r9.0i2.0,9,2,26.2108154296875,0.15085104237432034
2003,r10.0i1.0,10,1,26.4366455078125,0.26591823412024596
2003,r10.0i2.0,10,2,28.066650390625,1.7130803647248634
2004,r1.0i1.0,1,1,31.1712646484375,4.131581182065219
2004,r1.0i2.0,1,2,24.425048828125,-1.9582081670346483
2004,r2.0i1.0,2,1,28.947998046875,2.8045627759850547
2004,r2.0i2.0,2,2,23.7550048828125,-2.5096687648607343
2004,r3.0i1.0,3,1,22.909423828125,-3.8563710088315233
2004,r3.0i2.0,3,2,24.6995849609375,-0.6533879819123634
2004,r4.0i1.0,4,1,27.36279296875,0.8756647524626366
2004,r4.0i2.0,4,2,27.99456787109375,1.9143968665081523
2004,r5.0i1.0,5,1,26.1431884765625,0.16129203464673836
2004,r5.0i2.0,5,2,25.74249267578125,-0.1338660198709256
2004,r6.0i1.0,6,1,25.96258544921875,-0.0284211531929337
2004,r6.0i2.0,6,2,28.6341552734375,2.7205571713654884
2004,r7.0i1.0,7,1,26.40545654296875,-0.516697095788043
2004,r7.0i2.0,7,2,22.73956298828125,-3.4935209854789413
2004,r8.0i1.0,8,1,27.821533203125,1.5169040845788047
2004,r8.0i2.0,8,2,28.61834716796875,2.1943385912024453
2004,r9.0i1.0,9,1,23.2393798828125,-3.325069261633832
2004,r9.0i2.0,9,2,23.44647216796875,-2.6134922193444297
2004,r10.0i1.0,10,1,23.87994384765625,-2.290783426036004
2004,r10.0i2.0,10,2,29.07275390625,2.7191838803498634
2005,r1.0i1.0,1,1,23.73712158203125,-3.3025618843410314
2005,r1.0i2.0,1,2,25.7333984375,-0.6498585576596483
2005,r2.0i1.0,2,1,30.61053466796875,4.467099397078805
2005,r2.0i2.0,2,2,27.95751953125,1.6928458835767657
2005,r3.0i1.0,3,1,30.098876953125,3.3330821161684767
2005,r3.0i2.0,3,2,24.09735107421875,-1.2556218686311134
2005,r4.0i1.0,4,1,28.58612060546875,2.0989923891813866
2005,r4.0i2.0,4,2,23.85308837890625,-2.2270826256793477
2005,r5.0i1.0,5,1,22.8326416015625,-3.1492548403532616
2005,r5.0i2.0,5,2,26.0506591796875,0.1743004840353244
2005,r6.0i1.0,6,1,22.55950927734375,-3.4314973250679337
2005,r6.0i2.0,6,2,25.830322265625,-0.08327583644701164
2005,r7.0i1.0,7,1,23.72021484375,-3.201938795006793
2005,r7.0i2.0,7,2,27.453369140625,1.2202851668648087
2005,r8.0i1.0,8,1,25.077880859375,-1.2267482591711953
2005,r8.0i2.0,8,2,26.08184814453125,-0.34216043223505466
2005,r9.0i1.0,9,1,22.47772216796875,-4.086726976477582
2005,r9.0i2.0,9,2,24.15380859375,-1.9061557935631797
2005,r10.0i1.0,10,1,26.11688232421875,-0.053844949473504045
2005,r10.0i2.0,10,2,28.84783935546875,2.4942693295686134
